Precinct Number,Precinct Name,Total Reg Voters,Democratic Reg Voters,Republican Reg Voters,Total Ballots Cast,Democratic Ballots Cast,Republican Ballots Cast,Total Voter Turnout (%),Democratic Voter Turnout (%),Republican Voter Turnout (%)
1,ALEPPO,1369,527,685,229,98,131,16.73,18.6,19.12
2,ASPINWALL DIST 1,885,475,281,176,125,51,19.89,26.32,18.15
3,ASPINWALL DIST 2,607,298,194,135,103,32,22.24,34.56,16.49
4,ASPINWALL DIST 3,872,452,284,186,135,51,21.33,29.87,17.96
5,AVALON WARD 1,1122,680,253,118,90,28,10.52,13.24,11.07
6,AVALON WARD 2 DIST 1,721,423,180,111,82,29,15.4,19.39,16.11
7,AVALON WARD 2 DIST 2,476,270,146,70,54,16,14.71,20,10.96
8,AVALON WARD 3 DIST 1,329,183,91,42,32,10,12.77,17.49,10.99
9,AVALON WARD 3 DIST 2,499,276,154,64,50,14,12.83,18.12,9.09
10,AVALON WARD 3 DIST 3,510,294,134,69,50,19,13.53,17.01,14.18
11,BALDWIN BR DIST 1,594,372,157,94,74,20,15.82,19.89,12.74
12,BALDWIN BR DIST 2,996,607,256,204,163,41,20.48,26.85,16.02
13,BALDWIN BR DIST 3,802,507,203,121,94,27,15.09,18.54,13.3
14,BALDWIN BR DIST 4,757,444,220,157,115,42,20.74,25.9,19.09
15,BALDWIN BR DIST 5,823,495,216,111,91,20,13.49,18.38,9.26
16,BALDWIN BR DIST 6,764,423,241,137,94,43,17.93,22.22,17.84
17,BALDWIN BR DIST 7,813,448,254,118,85,33,14.51,18.97,12.99
18,BALDWIN BR DIST 8,709,392,214,124,93,31,17.49,23.72,14.49
19,BALDWIN BR DIST 9,741,442,216,125,97,28,16.87,21.95,12.96
20,BALDWIN BR DIST 10,1066,656,203,60,44,16,5.63,6.71,7.88
21,BALDWIN BR DIST 11,1195,739,247,94,72,22,7.87,9.74,8.91
22,BALDWIN BR DIST 12,628,416,136,132,109,23,21.02,26.2,16.91
23,BALDWIN BR DIST 13,673,413,192,162,115,47,24.07,27.85,24.48
24,BALDWIN BR DIST 14,591,340,182,117,83,34,19.8,24.41,18.68
25,BALDWIN BR DIST 15,789,519,191,181,142,39,22.94,27.36,20.42
26,BALDWIN BR DIST 16,889,554,228,195,154,41,21.93,27.8,17.98
27,BALDWIN BR DIST 17,691,410,200,109,85,24,15.77,20.73,12
28,BALDWIN BR DIST 18,930,571,245,180,134,46,19.35,23.47,18.78
29,BALDWIN TP DIST 1,774,407,261,136,108,28,17.57,26.54,10.73
30,BALDWIN TP DIST 2,722,429,194,111,89,22,15.37,20.75,11.34
31,BELL ACRES,1167,427,535,162,87,75,13.88,20.37,14.02
32,BELLEVUE WARD 1 DIST 1,1041,631,236,171,131,40,16.43,20.76,16.95
33,BELLEVUE WARD 1 DIST 2,998,622,222,173,136,37,17.33,21.86,16.67
34,BELLEVUE WARD 2 DIST 1,1150,686,241,126,104,22,10.96,15.16,9.13
35,BELLEVUE WARD 2 DIST 2,1048,599,272,144,105,39,13.74,17.53,14.34
36,BELLEVUE WARD 3 DIST 1,1025,573,268,142,106,36,13.85,18.5,13.43
37,BELLEVUE WARD 3 DIST 2,980,541,270,119,96,23,12.14,17.74,8.52
38,BEN AVON DIST 1,478,274,134,101,72,29,21.13,26.28,21.64
39,BEN AVON DIST 2,977,503,328,159,121,38,16.27,24.06,11.59
40,BEN AVON HT,324,122,165,74,35,39,22.84,28.69,23.64
41,BETHEL PARK WARD 1 DIST 1,870,390,354,143,72,71,16.44,18.46,20.06
42,BETHEL PARK WARD 1 DIST 2,822,436,280,173,111,62,21.05,25.46,22.14
43,BETHEL PARK WARD 1 DIST 3,828,418,301,181,107,74,21.86,25.6,24.58
44,BETHEL PARK WARD 2 DIST 1,730,299,363,217,102,115,29.73,34.11,31.68
45,BETHEL PARK WARD 2 DIST 2,909,366,433,163,85,78,17.93,23.22,18.01
46,BETHEL PARK WARD 2 DIST 3,1126,512,451,187,106,81,16.61,20.7,17.96
47,BETHEL PARK WARD 3 DIST 1,789,329,362,189,109,80,23.95,33.13,22.1
48,BETHEL PARK WARD 3 DIST 2,956,398,439,218,114,104,22.8,28.64,23.69
49,BETHEL PARK WARD 3 DIST 3,1074,433,497,251,125,126,23.37,28.87,25.35
50,BETHEL PARK WARD 4 DIST 1,1302,588,543,290,165,125,22.27,28.06,23.02
51,BETHEL PARK WARD 4 DIST 2,791,404,302,156,96,60,19.72,23.76,19.87
52,BETHEL PARK WARD 4 DIST 3,901,413,368,167,90,77,18.53,21.79,20.92
53,BETHEL PARK WARD 5 DIST 1,621,292,227,140,78,62,22.54,26.71,27.31
54,BETHEL PARK WARD 5 DIST 2,673,339,226,108,69,39,16.05,20.35,17.26
55,BETHEL PARK WARD 5 DIST 3,1483,677,579,250,142,108,16.86,20.97,18.65
56,BETHEL PARK WARD 6 DIST 1,1312,556,585,279,146,133,21.27,26.26,22.74
57,BETHEL PARK WARD 6 DIST 2,962,443,374,251,140,111,26.09,31.6,29.68
58,BETHEL PARK WARD 6 DIST 3,848,345,392,224,116,108,26.42,33.62,27.55
59,BETHEL PARK WARD 7 DIST 1,1181,490,524,253,133,120,21.42,27.14,22.9
60,BETHEL PARK WARD 7 DIST 2,1135,499,490,233,117,116,20.53,23.45,23.67
61,BETHEL PARK WARD 7 DIST 3,768,344,304,141,72,69,18.36,20.93,22.7
62,BETHEL PARK WARD 8 DIST 1,525,242,216,106,50,56,20.19,20.66,25.93
63,BETHEL PARK WARD 8 DIST 2,560,317,185,85,48,37,15.18,15.14,20
64,BETHEL PARK WARD 8 DIST 3,1246,564,518,318,165,153,25.52,29.26,29.54
65,BETHEL PARK WARD 8 DIST 4,456,195,189,92,43,49,20.18,22.05,25.93
66,BETHEL PARK WARD 9 DIST 1,573,232,276,130,60,70,22.69,25.86,25.36
67,BETHEL PARK WARD 9 DIST 2,751,328,334,136,65,71,18.11,19.82,21.26
68,BETHEL PARK WARD 9 DIST 3,1407,525,689,288,129,159,20.47,24.57,23.08
69,BLAWNOX,1064,622,255,158,128,30,14.85,20.58,11.76
70,BRACKENRIDGE WARD 1,515,305,128,78,57,21,15.15,18.69,16.41
71,BRACKENRIDGE WARD 2,785,441,223,115,79,36,14.65,17.91,16.14
72,BRACKENRIDGE WARD 3,655,342,203,97,70,27,14.81,20.47,13.3
73,BRADDOCK WARD 1,560,478,22,111,110,. 1,19.82,23.01,4.55
74,BRADDOCK WARD 2,641,538,31,112,111,. 1,17.47,20.63,3.23
75,BRADDOCK WARD 3,497,411,25,75,74,. 1,15.09,18,4
76,BRADDOCK HL DIST 1,844,651,112,119,97,22,14.1,14.9,19.64
77,BRADDOCK HL DIST 2,548,409,83,133,120,13,24.27,29.34,15.66
78,BRADFORD WOODS,1027,361,502,207,88,119,20.16,24.38,23.71
79,BRENTWOOD DIST 1,558,293,197,98,70,28,17.56,23.89,14.21
80,BRENTWOOD DIST 2,758,420,212,96,75,21,12.66,17.86,9.91
81,BRENTWOOD DIST 3,580,329,153,72,46,26,12.41,13.98,16.99
82,BRENTWOOD DIST 4,774,456,197,104,80,24,13.44,17.54,12.18
83,BRENTWOOD DIST 5,735,436,164,60,51,. 9,8.16,11.7,5.49
84,BRENTWOOD DIST 6,711,411,172,63,55,. 8,8.86,13.38,4.65
85,BRENTWOOD DIST 7,770,413,222,77,54,23,10,13.08,10.36
86,BRENTWOOD DIST 8,707,390,230,104,66,38,14.71,16.92,16.52
87,BRENTWOOD DIST 9,593,343,169,92,78,14,15.51,22.74,8.28
88,BRENTWOOD DIST 10,567,299,179,58,34,24,10.23,11.37,13.41
89,BRIDGEVILLE DIST 1,830,432,284,95,71,24,11.45,16.44,8.45
90,BRIDGEVILLE DIST 2,884,481,263,82,55,27,9.28,11.43,10.27
91,BRIDGEVILLE DIST 3,871,432,330,99,64,35,11.37,14.81,10.61
92,BRIDGEVILLE DIST 4,991,537,331,124,80,44,12.51,14.9,13.29
93,CARNEGIE WARD 1 DIST 1,545,291,148,39,32,. 7,7.16,11,4.73
94,CARNEGIE WARD 1 DIST 2,1237,650,371,82,64,18,6.63,9.85,4.85
95,CARNEGIE WARD 1 DIST 3,867,528,230,97,79,18,11.19,14.96,7.83
96,CARNEGIE WARD 1 DIST 4,394,255,67,36,31,. 5,9.14,12.16,7.46
97,CARNEGIE WARD 2 DIST 1,682,378,177,57,47,10,8.36,12.43,5.65
98,CARNEGIE WARD 2 DIST 2,529,313,142,63,47,16,11.91,15.02,11.27
99,CARNEGIE WARD 2 DIST 3,484,282,142,72,54,18,14.88,19.15,12.68
100,CARNEGIE WARD 2 DIST 4,966,552,239,109,75,34,11.28,13.59,14.23
101,CASL SHANNON DIST 1,1123,609,309,90,66,24,8.01,10.84,7.77
102,CASL SHANNON DIST 2,859,469,251,126,92,34,14.67,19.62,13.55
103,CASL SHANNON DIST 3,839,455,252,81,58,23,9.65,12.75,9.13
104,CASL SHANNON DIST 4,663,376,190,92,71,21,13.88,18.88,11.05
105,CASL SHANNON DIST 5,651,392,165,89,65,24,13.67,16.58,14.55
106,CASL SHANNON DIST 6,658,408,184,95,65,30,14.44,15.93,16.3
107,CASL SHANNON DIST 7,757,444,208,105,81,24,13.87,18.24,11.54
108,CASL SHANNON DIST 8,557,308,171,93,64,29,16.7,20.78,16.96
109,CHALFANT DIST 1,593,379,148,96,73,23,16.19,19.26,15.54
110,CHESWICK DIST 1,621,337,203,122,83,39,19.65,24.63,19.21
111,CHESWICK DIST 2,650,350,233,144,94,50,22.15,26.86,21.46
112,CHURCHILL DIST 1,703,438,202,158,125,33,22.48,28.54,16.34
113,CHURCHILL DIST 2,725,439,185,169,136,33,23.31,30.98,17.84
114,CHURCHILL DIST 3,676,379,214,160,119,41,23.67,31.4,19.16
115,CHURCHILL DIST 4,690,359,241,128,99,29,18.55,27.58,12.03
116,CLAIRTON WARD 1 DIST 1,389,276,56,64,59,. 5,16.45,21.38,8.93
117,CLAIRTON WARD 1 DIST 2,410,294,67,66,52,14,16.1,17.69,20.9
118,CLAIRTON WARD 1 DIST 3,338,217,78,53,44,. 9,15.68,20.28,11.54
119,CLAIRTON WARD 2 DIST 1,139,127,. 3,34,34,. 0,24.46,26.77,. .00
120,CLAIRTON WARD 2 DIST 2,331,286,14,56,56,. 0,16.92,19.58,. .00
121,CLAIRTON WARD 2 DIST 3,467,375,37,63,59,. 4,13.49,15.73,10.81
122,CLAIRTON WARD 3 DIST 1,454,316,87,67,54,13,14.76,17.09,14.94
123,CLAIRTON WARD 3 DIST 2,394,305,56,43,38,. 5,10.91,12.46,8.93
124,CLAIRTON WARD 3 DIST 3,432,316,46,38,36,. 2,8.8,11.39,4.35
125,CLAIRTON WARD 4 DIST 1,402,354,21,93,90,. 3,23.13,25.42,14.29
126,CLAIRTON WARD 4 DIST 2,391,320,35,80,76,. 4,20.46,23.75,11.43
127,CLAIRTON WARD 4 DIST 3,434,282,94,90,74,16,20.74,26.24,17.02
128,COLLIER DIST 1,1229,542,523,230,137,93,18.71,25.28,17.78
129,COLLIER DIST 2,1286,588,525,292,178,114,22.71,30.27,21.71
130,COLLIER DIST 3,1248,683,422,190,130,60,15.22,19.03,14.22
131,COLLIER DIST 4,794,410,292,149,105,44,18.77,25.61,15.07
132,COLLIER DIST 5,999,272,584,85,40,45,8.51,14.71,7.71
133,COLLIER DIST 6,1138,567,388,143,104,39,12.57,18.34,10.05
134,CORAOPOLIS WARD 1 DIST 1,468,325,81,80,67,13,17.09,20.62,16.05
135,CORAOPOLIS WARD 1 DIST 2,526,314,132,105,88,17,19.96,28.03,12.88
136,CORAOPOLIS WARD 2,827,556,173,166,141,25,20.07,25.36,14.45
137,CORAOPOLIS WARD 3 DIST 1,598,341,173,120,86,34,20.07,25.22,19.65
138,CORAOPOLIS WARD 3 DIST 2,603,327,192,119,84,35,19.73,25.69,18.23
139,CORAOPOLIS WARD 4 DIST 1,457,262,125,104,78,26,22.76,29.77,20.8
140,CORAOPOLIS WARD 4 DIST 2,544,329,136,128,97,31,23.53,29.48,22.79
141,CRAFTON WARD 1 DIST 1,919,539,238,118,91,27,12.84,16.88,11.34
142,CRAFTON WARD 1 DIST 2,633,364,161,78,59,19,12.32,16.21,11.8
143,CRAFTON WARD 2 DIST 1,614,355,168,83,58,25,13.52,16.34,14.88
144,CRAFTON WARD 2 DIST 2,827,507,181,121,98,23,14.63,19.33,12.71
145,CRAFTON WARD 3 DIST 1,1012,534,299,145,96,49,14.33,17.98,16.39
146,CRAFTON WARD 3 DIST 2,598,322,186,65,45,20,10.87,13.98,10.75
147,CRESCENT WARD 1,1149,527,451,208,113,95,18.1,21.44,21.06
148,CRESCENT WARD 2,683,310,268,121,65,56,17.72,20.97,20.9
149,DORMONT DIST 1,746,442,197,67,51,16,8.98,11.54,8.12
150,DORMONT DIST 2,546,298,166,70,52,18,12.82,17.45,10.84
151,DORMONT DIST 3,954,576,206,100,86,14,10.48,14.93,6.8
152,DORMONT DIST 4,676,407,179,88,65,23,13.02,15.97,12.85
153,DORMONT DIST 5,1096,636,256,134,114,20,12.23,17.92,7.81
154,DORMONT DIST 6,540,306,142,68,57,11,12.59,18.63,7.75
155,DORMONT DIST 7,526,332,108,68,60,. 8,12.93,18.07,7.41
156,DORMONT DIST 8,425,247,124,79,65,14,18.59,26.32,11.29
157,DORMONT DIST 9,540,312,130,63,56,. 7,11.67,17.95,5.38
158,DORMONT DIST 10,634,397,149,103,93,10,16.25,23.43,6.71
159,DRAVOSBURG DIST 1,557,329,162,109,83,26,19.57,25.23,16.05
160,DRAVOSBURG DIST 2,374,209,118,61,43,18,16.31,20.57,15.25
161,DRAVOSBURG DIST 3,253,180,50,66,54,12,26.09,30,24
162,DUQUESNE WARD 1 DIST 1,470,350,71,94,75,19,20,21.43,26.76
163,DUQUESNE WARD 1 DIST 2,556,429,47,75,68,. 7,13.49,15.85,14.89
164,DUQUESNE WARD 1 DIST 3,343,268,26,56,51,. 5,16.33,19.03,19.23
165,DUQUESNE WARD 1 DIST 4,236,188,23,15,15,. 0,6.36,7.98,. .00
166,DUQUESNE WARD 2 DIST 1,393,317,30,74,70,. 4,18.83,22.08,13.33
167,DUQUESNE WARD 2 DIST 2,433,357,36,72,68,. 4,16.63,19.05,11.11
168,DUQUESNE WARD 2 DIST 3,447,342,46,77,71,. 6,17.23,20.76,13.04
169,DUQUESNE WARD 3 DIST 1,260,221,13,38,38,. 0,14.62,17.19,. .00
170,DUQUESNE WARD 3 DIST 2,179,147,11,24,23,. 1,13.41,15.65,9.09
171,DUQUESNE WARD 3 DIST 3,584,463,60,116,109,. 7,19.86,23.54,11.67
172,EAST DEER WARD 1,314,186,85,45,39,. 6,14.33,20.97,7.06
173,EAST DEER WARD 2,576,282,183,68,51,17,11.81,18.09,9.29
174,E MCKEESPORT DIST 1,398,251,110,73,61,12,18.34,24.3,10.91
175,E MCKEESPORT DIST 2,533,340,108,67,55,12,12.57,16.18,11.11
176,E MCKEESPORT DIST 3,498,297,134,81,65,16,16.27,21.89,11.94
177,E PITTSBURGH WARD 1,365,284,33,86,80,. 6,23.56,28.17,18.18
178,E PITTSBURGH WARD 2,424,330,33,75,71,. 4,17.69,21.52,12.12
179,E PITTSBURGH WARD 3,518,399,50,69,66,. 3,13.32,16.54,6
180,EDGEWOOD DIST 1,1047,739,150,218,195,23,20.82,26.39,15.33
181,EDGEWOOD DIST 2,963,637,190,207,182,25,21.5,28.57,13.16
182,EDGEWOOD DIST 3,909,614,139,183,163,20,20.13,26.55,14.39
183,EDGEWORTH DIST 1,709,231,351,92,43,49,12.98,18.61,13.96
184,EDGEWORTH DIST 2,773,290,363,95,45,50,12.29,15.52,13.77
185,ELIZABETH BR,923,474,341,122,77,45,13.22,16.24,13.2
186,ELIZABETH TP WD 1 DIST 1,576,315,217,109,74,35,18.92,23.49,16.13
187,ELIZABETH TP WD 1 DIST 2,925,426,399,178,104,74,19.24,24.41,18.55
188,ELIZABETH TP WARD 2,1273,598,566,208,115,93,16.34,19.23,16.43
189,ELIZABETH TP WARD 3,1347,684,525,381,241,140,28.29,35.23,26.67
190,ELIZABETH TP WD 4 DIST 1,920,455,373,134,70,64,14.57,15.38,17.16
191,ELIZABETH TP WD 4 DIST 2,466,224,205,95,51,44,20.39,22.77,21.46
192,ELIZABETH TP WD 5 DIST 1,465,199,212,74,37,37,15.91,18.59,17.45
193,ELIZABETH TP WD 5 DIST 2,831,446,289,141,102,39,16.97,22.87,13.49
194,ELIZABETH TP WD 6 DIST 1,619,280,287,114,69,45,18.42,24.64,15.68
195,ELIZABETH TP WD 6 DIST 2,713,350,296,127,72,55,17.81,20.57,18.58
196,ELIZABETH TP WD 7,1276,695,456,243,151,92,19.04,21.73,20.18
197,EMSWORTH DIST 1,799,412,271,121,85,36,15.14,20.63,13.28
198,EMSWORTH DIST 2,971,506,297,98,74,24,10.09,14.62,8.08
199,ETNA WARD 1,841,507,192,115,98,17,13.67,19.33,8.85
200,ETNA WARD 2,716,434,153,72,55,17,10.06,12.67,11.11
201,ETNA WARD 3,725,425,188,99,76,23,13.66,17.88,12.23
202,FAWN DIST 1,556,240,243,92,49,43,16.55,20.42,17.7
203,FAWN DIST 2,920,415,391,203,112,91,22.07,26.99,23.27
204,FINDLAY DIST 1,1375,577,609,138,68,70,10.04,11.79,11.49
205,FINDLAY DIST 2,1765,802,728,219,135,84,12.41,16.83,11.54
206,FINDLAY DIST 3,1211,557,492,182,108,74,15.03,19.39,15.04
207,FOREST HILLS DIST 1,637,379,178,160,134,26,25.12,35.36,14.61
208,FOREST HILLS DIST 2,646,421,147,157,135,22,24.3,32.07,14.97
209,FOREST HILLS DIST 3,648,378,194,134,100,34,20.68,26.46,17.53
210,FOREST HILLS DIST 4,724,492,151,137,117,20,18.92,23.78,13.25
211,FOREST HILLS DIST 5,716,431,189,172,138,34,24.02,32.02,17.99
212,FOREST HILLS DIST 6,578,365,144,150,121,29,25.95,33.15,20.14
213,FOREST HILLS DIST 7,771,522,136,120,110,10,15.56,21.07,7.35
214,FOREST HILLS DIST 8,728,438,211,168,139,29,23.08,31.74,13.74
215,FORWARD DIST 1,374,177,152,66,32,34,17.65,18.08,22.37
216,FORWARD DIST 2,873,479,295,132,85,47,15.12,17.75,15.93
217,FORWARD DIST 3,387,217,132,62,44,18,16.02,20.28,13.64
218,FORWARD DIST 4,457,245,152,73,44,29,15.97,17.96,19.08
219,FOX CHAPEL DIST 1,844,374,367,191,109,82,22.63,29.14,22.34
220,FOX CHAPEL DIST 2,1029,428,439,217,124,93,21.09,28.97,21.18
221,FOX CHAPEL DIST 3,762,303,350,154,79,75,20.21,26.07,21.43
222,FOX CHAPEL DIST 4,1236,532,500,240,134,106,19.42,25.19,21.2
223,FOX CHAPEL DIST 5,914,327,458,174,80,94,19.04,24.46,20.52
224,FRANKLIN PK WARD 1 DIST 1,1198,409,578,123,58,65,10.27,14.18,11.25
225,FRANKLIN PK WARD 1 DIST 2,1372,452,626,114,63,51,8.31,13.94,8.15
226,FRANKLIN PK WARD 1 DIST 3,1359,501,629,174,103,71,12.8,20.56,11.29
227,FRANKLIN PK WARD 2 DIST 1,1116,406,473,152,84,68,13.62,20.69,14.38
228,FRANKLIN PK WARD 2 DIST 2,1306,465,631,194,120,74,14.85,25.81,11.73
229,FRANKLIN PK WARD 2 DIST 3,1398,500,644,242,126,116,17.31,25.2,18.01
230,FRANKLIN PK WARD 3 DIST 1,1283,441,618,193,86,107,15.04,19.5,17.31
231,FRANKLIN PK WARD 3 DIST 2,799,291,368,130,70,60,16.27,24.05,16.3
232,FRANKLIN PK WARD 3 DIST 3,1247,454,617,230,132,98,18.44,29.07,15.88
233,FRAZER,766,355,325,91,46,45,11.88,12.96,13.85
234,GLASSPORT DIST 1,565,358,159,124,92,32,21.95,25.7,20.13
235,GLASSPORT DIST 2,400,257,92,50,43,. 7,12.5,16.73,7.61
236,GLASSPORT DIST 3,549,388,99,117,100,17,21.31,25.77,17.17
237,GLASSPORT DIST 4,247,145,62,49,40,. 9,19.84,27.59,14.52
238,GLASSPORT DIST 5,483,307,131,136,110,26,28.16,35.83,19.85
239,GLASSPORT DIST 6,449,300,106,106,89,17,23.61,29.67,16.04
240,GLENFIELD,153,62,64,26,14,12,16.99,22.58,18.75
241,GREEN TREE DIST 1,780,417,264,128,95,33,16.41,22.78,12.5
242,GREEN TREE DIST 2,1071,533,394,172,110,62,16.06,20.64,15.74
243,GREEN TREE DIST 3,984,476,364,126,90,36,12.8,18.91,9.89
244,GREEN TREE DIST 4,873,471,280,96,74,22,11,15.71,7.86
245,HAMPTON DIST 1,1214,471,563,198,91,107,16.31,19.32,19.01
246,HAMPTON DIST 2,1236,487,571,146,69,77,11.81,14.17,13.49
247,HAMPTON DIST 3,1338,519,633,173,85,88,12.93,16.38,13.9
248,HAMPTON DIST 4,632,308,243,86,59,27,13.61,19.16,11.11
249,HAMPTON DIST 5,702,317,280,97,52,45,13.82,16.4,16.07
250,HAMPTON DIST 6,657,271,328,112,54,58,17.05,19.93,17.68
251,HAMPTON DIST 7,1371,467,706,229,108,121,16.7,23.13,17.14
252,HAMPTON DIST 8,954,400,416,180,89,91,18.87,22.25,21.88
253,HAMPTON DIST 9,1295,554,585,200,102,98,15.44,18.41,16.75
254,HAMPTON DIST 10,1531,611,681,175,94,81,11.43,15.38,11.89
255,HAMPTON DIST 11,1703,725,771,246,131,115,14.45,18.07,14.92
256,HAMPTON DIST 12,866,360,369,147,80,67,16.97,22.22,18.16
257,HAMPTON DIST 13,774,345,317,125,70,55,16.15,20.29,17.35
258,HARMAR DIST 1,1345,635,567,197,110,87,14.65,17.32,15.34
259,HARMAR DIST 2,744,441,219,109,76,33,14.65,17.23,15.07
260,HARMAR DIST 3,349,208,101,67,46,21,19.2,22.12,20.79
261,HARRISON WARD 1 DIST 1,291,151,110,93,62,31,31.96,41.06,28.18
262,HARRISON WARD 1 DIST 2,592,275,252,180,101,79,30.41,36.73,31.35
263,HARRISON WARD 1 DIST 3,658,308,242,160,91,69,24.32,29.55,28.51
264,HARRISON WARD 2 DIST 1,315,173,97,63,39,24,20,22.54,24.74
265,HARRISON WARD 2 DIST 2,598,348,132,81,62,19,13.55,17.82,14.39
266,HARRISON WARD 3 DIST 1,1040,542,393,330,223,107,31.73,41.14,27.23
267,HARRISON WARD 3 DIST 2,625,320,218,203,133,70,32.48,41.56,32.11
268,HARRISON WARD 4 DIST 1,684,341,252,145,96,49,21.2,28.15,19.44
269,HARRISON WARD 4 DIST 2,584,314,196,104,65,39,17.81,20.7,19.9
270,HARRISON WARD 5 DIST 1,535,328,120,66,52,14,12.34,15.85,11.67
271,HARRISON WARD 5 DIST 2,812,405,294,136,78,58,16.75,19.26,19.73
272,HAYSVILLE,61,21,28,12,. 3,. 9,19.67,14.29,32.14
273,HEIDELBERG,901,531,245,152,103,49,16.87,19.4,20
274,HOMESTEAD WARD 1 DIST 1,612,466,71,96,84,12,15.69,18.03,16.9
275,HOMESTEAD WARD 1 DIST 2,390,331,19,80,78,. 2,20.51,23.56,10.53
276,HOMESTEAD WARD 2 DIST 1,456,374,26,69,68,. 1,15.13,18.18,3.85
277,HOMESTEAD WARD 2 DIST 2,315,280,14,75,73,. 2,23.81,26.07,14.29
278,HOMESTEAD WARD 3 DIST 1,527,428,41,83,81,. 2,15.75,18.93,4.88
279,HOMESTEAD WARD 3 DIST 2,333,280,17,62,62,. 0,18.62,22.14,. .00
280,INDIANA DIST 1,996,412,439,189,102,87,18.98,24.76,19.82
281,INDIANA DIST 2,871,369,359,188,104,84,21.58,28.18,23.4
282,INDIANA DIST 3,1236,565,454,134,79,55,10.84,13.98,12.11
283,INDIANA DIST 4,1139,501,464,228,140,88,20.02,27.94,18.97
284,INDIANA DIST 5,925,421,374,208,119,89,22.49,28.27,23.8
285,INGRAM DIST 1,813,486,205,91,69,22,11.19,14.2,10.73
286,INGRAM DIST 2,651,408,157,76,59,17,11.67,14.46,10.83
287,INGRAM DIST 3,933,560,262,121,90,31,12.97,16.07,11.83
288,JEFFERSON HL DIST 1,1623,726,701,287,149,138,17.68,20.52,19.69
289,JEFFERSON HL DIST 2,846,439,302,133,78,55,15.72,17.77,18.21
290,JEFFERSON HL DIST 3,658,316,258,95,68,27,14.44,21.52,10.47
291,JEFFERSON HL DIST 4,674,351,235,92,49,43,13.65,13.96,18.3
292,JEFFERSON HL DIST 5,2073,854,951,322,156,166,15.53,18.27,17.46
293,JEFFERSON HL DIST 6,956,435,427,188,112,76,19.67,25.75,17.8
294,JEFFERSON HL DIST 7,372,160,159,59,34,25,15.86,21.25,15.72
295,JEFFERSON HL DIST 8,1195,571,477,242,165,77,20.25,28.9,16.14
296,KENNEDY DIST 1,1534,1010,393,278,239,39,18.12,23.66,9.92
297,KENNEDY DIST 2,899,583,230,136,115,21,15.13,19.73,9.13
298,KENNEDY DIST 3,1030,680,262,201,153,48,19.51,22.5,18.32
299,KENNEDY DIST 4,432,328,77,105,96,. 9,24.31,29.27,11.69
300,KENNEDY DIST 5,1357,855,363,216,189,27,15.92,22.11,7.44
301,KENNEDY DIST 6,888,584,222,110,99,11,12.39,16.95,4.95
302,KENNEDY DIST 7,547,365,142,107,91,16,19.56,24.93,11.27
303,KILBUCK,608,254,280,116,66,50,19.08,25.98,17.86
304,LEET DIST 1,412,204,141,98,57,41,23.79,27.94,29.08
305,LEET DIST 2,787,301,378,169,80,89,21.47,26.58,23.54
306,LEETSDALE,878,497,271,152,100,52,17.31,20.12,19.19
307,LIBERTY DIST 1,929,514,301,248,164,84,26.7,31.91,27.91
308,LIBERTY DIST 2,763,440,259,234,166,68,30.67,37.73,26.25
309,LINCOLN,694,355,273,148,98,50,21.33,27.61,18.32
310,MARSHALL DIST 1,912,280,466,70,28,42,7.68,10,9.01
311,MARSHALL DIST 2,1108,311,605,134,54,80,12.09,17.36,13.22
312,MARSHALL DIST 3,842,269,424,82,39,43,9.74,14.5,10.14
313,MARSHALL DIST 4,1143,396,545,124,67,57,10.85,16.92,10.46
314,MARSHALL DIST 5,1794,642,814,159,87,72,8.86,13.55,8.85
315,MARSHALL DIST 6,1011,339,485,114,55,59,11.28,16.22,12.16
316,MCCANDLESS WARD 1 DIST 1,1134,350,591,284,108,176,25.04,30.86,29.78
317,MCCANDLESS WARD 1 DIST 2,939,440,338,171,82,89,18.21,18.64,26.33
318,MCCANDLESS WARD 1 DIST 3,1283,502,545,169,74,95,13.17,14.74,17.43
319,MCCANDLESS WARD 2 DIST 1,1448,600,595,196,104,92,13.54,17.33,15.46
320,MCCANDLESS WARD 2 DIST 2,883,325,439,178,83,95,20.16,25.54,21.64
321,MCCANDLESS WARD 2 DIST 3,880,363,368,155,74,81,17.61,20.39,22.01
322,MCCANDLESS WARD 3 DIST 1,963,431,397,207,124,83,21.5,28.77,20.91
323,MCCANDLESS WARD 3 DIST 2,1086,440,479,207,93,114,19.06,21.14,23.8
324,MCCANDLESS WARD 3 DIST 3,1072,426,493,246,113,133,22.95,26.53,26.98
325,MCCANDLESS WARD 4 DIST 1,1529,666,658,253,134,119,16.55,20.12,18.09
326,MCCANDLESS WARD 4 DIST 2,946,444,365,168,95,73,17.76,21.4,20
327,MCCANDLESS WARD 4 DIST 3,731,263,380,137,59,78,18.74,22.43,20.53
328,MCCANDLESS WARD 5 DIST 1,851,325,410,189,75,114,22.21,23.08,27.8
329,MCCANDLESS WARD 5 DIST 2,1346,553,593,213,100,113,15.82,18.08,19.06
330,MCCANDLESS WARD 5 DIST 3,955,444,361,225,118,107,23.56,26.58,29.64
331,MCCANDLESS WARD 6 DIST 1,488,213,204,99,45,54,20.29,21.13,26.47
332,MCCANDLESS WARD 6 DIST 2,1055,458,451,202,112,90,19.15,24.45,19.96
333,MCCANDLESS WARD 6 DIST 3,1881,748,849,287,129,158,15.26,17.25,18.61
334,MCCANDLESS WARD 7 DIST 1,1623,644,729,200,104,96,12.32,16.15,13.17
335,MCCANDLESS WARD 7 DIST 2,984,411,430,189,101,88,19.21,24.57,20.47
336,MCCANDLESS WARD 7 DIST 3,522,219,238,122,64,58,23.37,29.22,24.37
337,MCDONALD,220,100,90,47,31,16,21.36,31,17.78
338,MCKEESPORT WARD 1,17,12,. 3,. 2,. 2,. 0,11.76,16.67,. .00
339,MCKEESPORT WARD 2,273,221,22,26,24,. 2,9.52,10.86,9.09
340,MCKEESPORT WARD 3 DIST 1,299,245,16,63,57,. 6,21.07,23.27,37.5
341,MCKEESPORT WARD 3 DIST 2,126,107,. 4,21,21,. 0,16.67,19.63,. .00
342,MCKEESPORT WARD 4,324,252,14,36,35,. 1,11.11,13.89,7.14
343,MCKEESPORT WARD 5,547,419,61,85,78,. 7,15.54,18.62,11.48
344,MCKEESPORT WARD 6 DIST 1,397,303,45,35,33,. 2,8.82,10.89,4.44
345,MCKEESPORT WARD 6 DIST 2,333,254,26,43,38,. 5,12.91,14.96,19.23
346,MCKEESPORT WARD 7 DIST 1,505,428,43,112,107,. 5,22.18,25,11.63
347,MCKEESPORT WARD 7 DIST 2,299,272,. 9,69,69,. 0,23.08,25.37,. .00
348,MCKEESPORT WARD 7 DIST 3,357,281,42,57,52,. 5,15.97,18.51,11.9
349,MCKEESPORT WARD 7 DIST 4,488,403,32,67,62,. 5,13.73,15.38,15.63
350,MCKEESPORT WARD 7 DIST 5,565,432,61,86,83,. 3,15.22,19.21,4.92
351,MCKEESPORT WARD 7 DIST 6,487,375,63,87,83,. 4,17.86,22.13,6.35
352,MCKEESPORT WARD 7 DIST 7,386,331,20,83,81,. 2,21.5,24.47,10
353,MCKEESPORT WARD 8 DIST 1,301,203,53,49,42,. 7,16.28,20.69,13.21
354,MCKEESPORT WARD 8 DIST 2,529,379,95,114,98,16,21.55,25.86,16.84
355,MCKEESPORT WARD 8 DIST 3,590,458,70,81,77,. 4,13.73,16.81,5.71
356,MCKEESPORT WARD 8 DIST 4,468,290,126,94,81,13,20.09,27.93,10.32
357,MCKEESPORT WARD 8 DIST 5,563,439,42,76,74,. 2,13.5,16.86,4.76
358,MCKEESPORT WARD 8 DIST 6,212,130,55,41,30,11,19.34,23.08,20
359,MCKEESPORT WARD 9 DIST 1,474,320,95,83,72,11,17.51,22.5,11.58
360,MCKEESPORT WARD 9 DIST 2,581,412,93,129,108,21,22.2,26.21,22.58
361,MCKEESPORT WARD 9 DIST 3,441,319,72,78,69,. 9,17.69,21.63,12.5
362,MCKEESPORT WARD 10 DIST 1,348,220,72,38,34,. 4,10.92,15.45,5.56
363,MCKEESPORT WARD 10 DIST 2,335,219,68,52,40,12,15.52,18.26,17.65
364,MCKEESPORT WARD 11 DIST 1,465,344,79,99,85,14,21.29,24.71,17.72
365,MCKEESPORT WARD 11 DIST 2,410,275,89,80,67,13,19.51,24.36,14.61
366,MCKEESPORT WARD 11 DIST 3,270,209,45,93,81,12,34.44,38.76,26.67
367,MCKEESPORT WARD 12 DIST 1,316,216,66,61,50,11,19.3,23.15,16.67
368,MCKEESPORT WARD 12 DIST 2,371,238,103,77,57,20,20.75,23.95,19.42
369,MCKEESPORT WARD 12 DIST 3,559,376,142,178,159,19,31.84,42.29,13.38
370,MCKEES ROCKS WD 1 DIST 1,265,206,15,26,26,. 0,9.81,12.62,. .00
371,MCKEES ROCKS WD 1 DIST 2,572,443,65,64,58,. 6,11.19,13.09,9.23
372,MCKEES ROCKS WD 2 DIST 1,720,550,77,80,75,. 5,11.11,13.64,6.49
373,MCKEES ROCKS WD 2 DIST 2,649,458,88,54,48,. 6,8.32,10.48,6.82
374,MCKEES ROCKS WD 3 DIST 1,737,511,131,167,141,26,22.66,27.59,19.85
375,MCKEES ROCKS WD 3 DIST 2,608,450,72,80,71,. 9,13.16,15.78,12.5
376,MCKEES ROCKS WD 3 DIST 3,553,418,70,122,106,16,22.06,25.36,22.86
377,MILLVALE DIST 1,577,367,105,63,55,. 8,10.92,14.99,7.62
378,MILLVALE DIST 2,459,263,112,51,40,11,11.11,15.21,9.82
379,MILLVALE DIST 3,466,300,89,66,60,. 6,14.16,20,6.74
380,MILLVALE DIST 4,448,263,104,62,48,14,13.84,18.25,13.46
381,MILLVALE DIST 5,525,356,105,80,77,. 3,15.24,21.63,2.86
382,MONROEVILLE WARD 1 DIST 1,692,422,158,96,81,15,13.87,19.19,9.49
383,MONROEVILLE WARD 1 DIST 2,654,316,252,108,67,41,16.51,21.2,16.27
384,MONROEVILLE WARD 1 DIST 3,816,431,282,139,102,37,17.03,23.67,13.12
385,MONROEVILLE WARD 1 DIST 4,915,592,180,88,68,20,9.62,11.49,11.11
386,MONROEVILLE WARD 2 DIST 1,898,468,326,204,126,78,22.72,26.92,23.93
387,MONROEVILLE WARD 2 DIST 2,991,504,359,204,139,65,20.59,27.58,18.11
388,MONROEVILLE WARD 2 DIST 3,1095,533,401,237,164,73,21.64,30.77,18.2
389,MONROEVILLE WARD 3 DIST 1,1217,567,497,167,113,54,13.72,19.93,10.87
390,MONROEVILLE WARD 3 DIST 2,656,327,237,108,69,39,16.46,21.1,16.46
391,MONROEVILLE WARD 3 DIST 3,993,520,341,171,116,55,17.22,22.31,16.13
392,MONROEVILLE WARD 3 DIST 4,428,186,177,64,41,23,14.95,22.04,12.99
393,MONROEVILLE WARD 4 DIST 1,684,349,241,106,67,39,15.5,19.2,16.18
394,MONROEVILLE WARD 4 DIST 2,1080,537,386,207,118,89,19.17,21.97,23.06
395,MONROEVILLE WARD 4 DIST 3,948,507,309,195,142,53,20.57,28.01,17.15
396,MONROEVILLE WARD 5 DIST 1,604,341,183,100,72,28,16.56,21.11,15.3
397,MONROEVILLE WARD 5 DIST 2,947,571,221,86,69,17,9.08,12.08,7.69
398,MONROEVILLE WARD 5 DIST 3,910,479,305,141,87,54,15.49,18.16,17.7
399,MONROEVILLE WARD 5 DIST 4,705,376,191,43,34,. 9,6.1,9.04,4.71
400,MONROEVILLE WARD 6 DIST 1,825,490,247,201,152,49,24.36,31.02,19.84
401,MONROEVILLE WARD 6 DIST 2,853,495,230,144,110,34,16.88,22.22,14.78
402,MONROEVILLE WARD 6 DIST 3,1118,653,278,130,98,32,11.63,15.01,11.51
403,MONROEVILLE WARD 6 DIST 4,356,228,86,47,40,. 7,13.2,17.54,8.14
404,MONROEVILLE WARD 7 DIST 1,1367,858,343,258,193,65,18.87,22.49,18.95
405,MONROEVILLE WARD 7 DIST 2,832,536,185,164,132,32,19.71,24.63,17.3
406,MONROEVILLE WARD 7 DIST 3,628,357,194,121,88,33,19.27,24.65,17.01
407,MOON DIST 1,1588,712,526,125,69,56,7.87,9.69,10.65
408,MOON DIST 2,1878,767,847,352,194,158,18.74,25.29,18.65
409,MOON DIST 3,1530,785,498,189,112,77,12.35,14.27,15.46
410,MOON DIST 4,778,343,312,129,78,51,16.58,22.74,16.35
411,MOON DIST 5,2469,992,1090,329,179,150,13.33,18.04,13.76
412,MOON DIST 6,2338,960,1016,434,224,210,18.56,23.33,20.67
413,MOON DIST 7,1593,781,535,213,135,78,13.37,17.29,14.58
414,MOON DIST 8,996,516,363,219,121,98,21.99,23.45,27
415,MOON DIST 9,2021,819,887,228,118,110,11.28,14.41,12.4
416,MOON DIST 10,779,357,282,134,80,54,17.2,22.41,19.15
417,MOON DIST 11,1345,524,633,238,146,92,17.7,27.86,14.53
418,MOON DIST 12,1031,477,428,259,143,116,25.12,29.98,27.1
419,MOON DIST 13,731,313,320,117,59,58,16.01,18.85,18.13
420,MT LEBANON WARD 1 DIST 1,851,320,392,130,79,51,15.28,24.69,13.01
421,MT LEBANON WARD 1 DIST 2,729,409,187,90,74,16,12.35,18.09,8.56
422,MT LEBANON WARD 1 DIST 3,692,369,225,142,104,38,20.52,28.18,16.89
423,MT LEBANON WARD 1 DIST 4,804,385,276,114,83,31,14.18,21.56,11.23
424,MT LEBANON WARD 1 DIST 5,625,322,219,118,78,40,18.88,24.22,18.26
425,MT LEBANON WARD 1 DIST 6,1092,496,443,158,117,41,14.47,23.59,9.26
426,MT LEBANON WARD 1 DIST 7,807,465,219,105,86,19,13.01,18.49,8.68
427,MT LEBANON WARD 2 DIST 1,988,482,355,155,115,40,15.69,23.86,11.27
428,MT LEBANON WARD 2 DIST 2,621,328,207,100,78,22,16.1,23.78,10.63
429,MT LEBANON WARD 2 DIST 3,741,380,246,102,81,21,13.77,21.32,8.54
430,MT LEBANON WARD 2 DIST 4,562,294,193,95,79,16,16.9,26.87,8.29
431,MT LEBANON WARD 2 DIST 5,596,307,205,108,81,27,18.12,26.38,13.17
432,MT LEBANON WARD 2 DIST 6,561,297,186,85,61,24,15.15,20.54,12.9
433,MT LEBANON WARD 2 DIST 7,660,337,223,112,94,18,16.97,27.89,8.07
434,MT LEBANON WARD 2 DIST 8,1024,520,380,176,123,53,17.19,23.65,13.95
435,MT LEBANON WARD 3 DIST 1,673,328,255,106,76,30,15.75,23.17,11.76
436,MT LEBANON WARD 3 DIST 2,911,477,286,143,119,24,15.7,24.95,8.39
437,MT LEBANON WARD 3 DIST 3,709,298,321,109,79,30,15.37,26.51,9.35
438,MT LEBANON WARD 3 DIST 4,781,375,276,107,77,30,13.7,20.53,10.87
439,MT LEBANON WARD 3 DIST 5,719,342,268,107,78,29,14.88,22.81,10.82
440,MT LEBANON WARD 3 DIST 6,482,246,151,78,60,18,16.18,24.39,11.92
441,MT LEBANON WARD 3 DIST 7,858,401,350,139,99,40,16.2,24.69,11.43
442,MT LEBANON WARD 3 DIST 8,335,157,128,50,32,18,14.93,20.38,14.06
443,MT LEBANON WARD 4 DIST 1,809,420,242,86,55,31,10.63,13.1,12.81
444,MT LEBANON WARD 4 DIST 2,925,488,287,119,98,21,12.86,20.08,7.32
445,MT LEBANON WARD 4 DIST 3,747,402,247,96,71,25,12.85,17.66,10.12
446,MT LEBANON WARD 4 DIST 4,686,351,242,125,88,37,18.22,25.07,15.29
447,MT LEBANON WARD 4 DIST 5,632,302,231,119,81,38,18.83,26.82,16.45
448,MT LEBANON WARD 4 DIST 6,690,355,213,132,100,32,19.13,28.17,15.02
449,MT LEBANON WARD 4 DIST 7,819,448,262,129,100,29,15.75,22.32,11.07
450,MT LEBANON WARD 5 DIST 1,652,365,188,108,82,26,16.56,22.47,13.83
451,MT LEBANON WARD 5 DIST 2,462,281,104,53,42,11,11.47,14.95,10.58
452,MT LEBANON WARD 5 DIST 3,626,326,183,94,72,22,15.02,22.09,12.02
453,MT LEBANON WARD 5 DIST 4,608,310,202,105,83,22,17.27,26.77,10.89
454,MT LEBANON WARD 5 DIST 5,636,349,197,133,103,30,20.91,29.51,15.23
455,MT LEBANON WARD 5 DIST 6,492,261,154,88,62,26,17.89,23.75,16.88
456,MT LEBANON WARD 5 DIST 7,810,435,243,134,101,33,16.54,23.22,13.58
457,MT LEBANON WARD 5 DIST 8,1034,600,245,111,88,23,10.74,14.67,9.39
458,MT OLIVER DIST 1,744,528,82,63,57,. 6,8.47,10.8,7.32
459,MT OLIVER DIST 2,765,567,82,70,65,. 5,9.15,11.46,6.1
460,MT OLIVER DIST 3,505,353,61,51,45,. 6,10.1,12.75,9.84
461,MT OLIVER DIST 4,347,251,35,50,47,. 3,14.41,18.73,8.57
462,MUNHALL DIST 1,525,309,118,47,39,. 8,8.95,12.62,6.78
463,MUNHALL DIST 2,505,362,65,51,49,. 2,10.1,13.54,3.08
464,MUNHALL DIST 3,535,408,45,91,80,11,17.01,19.61,24.44
465,MUNHALL DIST 4,436,316,62,68,54,14,15.6,17.09,22.58
466,MUNHALL DIST 5,749,499,177,151,133,18,20.16,26.65,10.17
467,MUNHALL DIST 6,704,465,152,186,151,35,26.42,32.47,23.03
468,MUNHALL DIST 7,1171,800,262,330,269,61,28.18,33.63,23.28
469,MUNHALL DIST 8,632,400,170,188,143,45,29.75,35.75,26.47
470,MUNHALL DIST 9,701,482,133,165,133,32,23.54,27.59,24.06
471,MUNHALL DIST 10,516,345,109,130,106,24,25.19,30.72,22.02
472,MUNHALL DIST 11,945,589,272,282,210,72,29.84,35.65,26.47
473,MUNHALL DIST 12,571,368,150,196,165,31,34.33,44.84,20.67
474,NEVILLE WARD 1,282,165,83,74,52,22,26.24,31.52,26.51
475,NEVILLE WARD 2,247,140,60,59,44,15,23.89,31.43,25
476,NEVILLE WARD 3,268,162,75,113,85,28,42.16,52.47,37.33
477,N BRADDOCK WARD 1 DIST 1,217,167,32,57,56,. 1,26.27,33.53,3.13
478,N BRADDOCK WARD 1 DIST 2,555,411,63,87,77,10,15.68,18.73,15.87
479,N BRADDOCK WARD 1 DIST 3,557,413,72,77,72,. 5,13.82,17.43,6.94
480,N BRADDOCK WARD 2 DIST 1,451,360,41,72,67,. 5,15.96,18.61,12.2
481,N BRADDOCK WARD 2 DIST 2,601,484,48,97,95,. 2,16.14,19.63,4.17
482,N BRADDOCK WARD 3 DIST 1,444,376,21,87,84,. 3,19.59,22.34,14.29
483,N BRADDOCK WARD 3 DIST 2,551,449,33,82,78,. 4,14.88,17.37,12.12
484,N FAYETTE DIST 1,2092,955,863,188,102,86,8.99,10.68,9.97
485,N FAYETTE DIST 2,2570,1187,944,254,156,98,9.88,13.14,10.38
486,N FAYETTE DIST 3,2508,1135,1001,260,153,107,10.37,13.48,10.69
487,N FAYETTE DIST 4,1088,533,380,99,58,41,9.1,10.88,10.79
488,N FAYETTE DIST 5,2599,1095,1115,251,148,103,9.66,13.52,9.24
489,N VERSAILLES WD 1 DIST 1,663,393,181,83,65,18,12.52,16.54,9.94
490,N VERSAILLES WD 1 DIST 2,657,396,190,119,98,21,18.11,24.75,11.05
491,N VERSAILLES WD 2 DIST 1,650,405,170,83,64,19,12.77,15.8,11.18
492,N VERSAILLES WD 2 DIST 2,201,137,43,29,25,. 4,14.43,18.25,9.3
493,N VERSAILLES WD 3 DIST 1,517,322,149,115,90,25,22.24,27.95,16.78
494,N VERSAILLES WD 3 DIST 2,611,365,179,108,83,25,17.68,22.74,13.97
495,N VERSAILLES WD 4 DIST 1,505,312,133,69,56,13,13.66,17.95,9.77
496,N VERSAILLES WD 4 DIST 2,406,243,125,51,37,14,12.56,15.23,11.2
497,N VERSAILLES WD 5 DIST 1,556,379,90,56,44,12,10.07,11.61,13.33
498,N VERSAILLES WD 5 DIST 2,409,264,92,36,30,. 6,8.8,11.36,6.52
499,N VERSAILLES WD 6 DIST 1,649,388,198,121,84,37,18.64,21.65,18.69
500,N VERSAILLES WD 6 DIST 2,549,325,159,128,98,30,23.32,30.15,18.87
501,N VERSAILLES WARD 7,715,558,78,168,158,10,23.5,28.32,12.82
502,OAKDALE DIST 1,593,320,188,85,59,26,14.33,18.44,13.83
503,OAKDALE DIST 2,456,258,152,78,53,25,17.11,20.54,16.45
504,OAKMONT DIST 1,887,426,330,213,134,79,24.01,31.46,23.94
505,OAKMONT DIST 2,1065,442,503,244,145,99,22.91,32.81,19.68
506,OAKMONT DIST 3,767,408,258,131,93,38,17.08,22.79,14.73
507,OAKMONT DIST 4,904,451,341,171,110,61,18.92,24.39,17.89
508,OAKMONT DIST 5,742,363,253,153,109,44,20.62,30.03,17.39
509,OAKMONT DIST 6,1180,594,415,190,134,56,16.1,22.56,13.49
510,OHARA WARD 1 DIST 1,1109,524,417,213,133,80,19.21,25.38,19.18
511,OHARA WARD 1 DIST 2,661,343,219,120,82,38,18.15,23.91,17.35
512,OHARA WARD 2 DIST 1,599,332,189,142,92,50,23.71,27.71,26.46
513,OHARA WARD 2 DIST 2,941,454,363,159,91,68,16.9,20.04,18.73
514,OHARA WARD 3 DIST 1,680,352,239,138,88,50,20.29,25,20.92
515,OHARA WARD 3 DIST 2,604,330,192,98,71,27,16.23,21.52,14.06
516,OHARA WARD 4 DIST 1,571,306,206,159,106,53,27.85,34.64,25.73
517,OHARA WARD 4 DIST 2,785,466,205,182,140,42,23.18,30.04,20.49
518,OHARA WARD 5 DIST 1,756,376,269,158,101,57,20.9,26.86,21.19
519,OHARA WARD 5 DIST 2,875,460,275,222,151,71,25.37,32.83,25.82
520,OHIO DIST 1,1437,493,728,141,73,68,9.81,14.81,9.34
521,OHIO DIST 2,1714,765,735,229,138,91,13.36,18.04,12.38
522,OHIO DIST 3,1998,860,798,168,113,55,8.41,13.14,6.89
523,GLEN OSBORNE,463,202,189,80,56,24,17.28,27.72,12.7
524,PENN HILLS WARD 1 DIST 1,773,678,36,154,153,. 1,19.92,22.57,2.78
525,PENN HILLS WARD 1 DIST 2,770,659,48,174,165,. 9,22.6,25.04,18.75
526,PENN HILLS WARD 1 DIST 3,553,483,24,87,85,. 2,15.73,17.6,8.33
527,PENN HILLS WARD 1 DIST 4,353,304,17,59,59,. 0,16.71,19.41,. .00
528,PENN HILLS WARD 1 DIST 5,239,210,. 8,44,44,. 0,18.41,20.95,. .00
529,PENN HILLS WARD 2 DIST 1,786,658,40,143,136,. 7,18.19,20.67,17.5
530,PENN HILLS WARD 2 DIST 2,778,650,47,133,126,. 7,17.1,19.38,14.89
531,PENN HILLS WARD 2 DIST 3,895,704,97,149,134,15,16.65,19.03,15.46
532,PENN HILLS WARD 2 DIST 4,607,463,85,136,125,11,22.41,27,12.94
533,PENN HILLS WARD 3 DIST 1,786,460,228,201,152,49,25.57,33.04,21.49
534,PENN HILLS WARD 3 DIST 2,519,389,71,90,74,16,17.34,19.02,22.54
535,PENN HILLS WARD 3 DIST 3,669,479,111,136,112,24,20.33,23.38,21.62
536,PENN HILLS WARD 3 DIST 4,850,636,125,142,125,17,16.71,19.65,13.6
537,PENN HILLS WARD 3 DIST 5,478,341,72,51,46,. 5,10.67,13.49,6.94
538,PENN HILLS WARD 3 DIST 6,489,335,105,100,78,22,20.45,23.28,20.95
539,PENN HILLS WARD 4 DIST 1,587,406,107,117,98,19,19.93,24.14,17.76
540,PENN HILLS WARD 4 DIST 2,741,543,128,109,95,14,14.71,17.5,10.94
541,PENN HILLS WARD 4 DIST 3,773,508,158,114,94,20,14.75,18.5,12.66
542,PENN HILLS WARD 4 DIST 4,612,420,104,101,82,19,16.5,19.52,18.27
543,PENN HILLS WARD 4 DIST 5,608,417,111,96,76,20,15.79,18.23,18.02
544,PENN HILLS WARD 5 DIST 1,741,513,144,156,129,27,21.05,25.15,18.75
545,PENN HILLS WARD 5 DIST 2,638,422,126,81,72,. 9,12.7,17.06,7.14
546,PENN HILLS WARD 5 DIST 3,698,440,191,139,100,39,19.91,22.73,20.42
547,PENN HILLS WARD 5 DIST 4,634,404,172,137,106,31,21.61,26.24,18.02
548,PENN HILLS WARD 5 DIST 5,520,329,124,107,90,17,20.58,27.36,13.71
549,PENN HILLS WARD 5 DIST 6,736,438,198,115,89,26,15.63,20.32,13.13
550,PENN HILLS WARD 6 DIST 1,606,356,156,79,64,15,13.04,17.98,9.62
551,PENN HILLS WARD 6 DIST 2,666,458,133,132,101,31,19.82,22.05,23.31
552,PENN HILLS WARD 6 DIST 3,540,381,112,122,102,20,22.59,26.77,17.86
553,PENN HILLS WARD 6 DIST 4,617,486,57,101,96,. 5,16.37,19.75,8.77
554,PENN HILLS WARD 6 DIST 5,625,453,101,102,87,15,16.32,19.21,14.85
555,PENN HILLS WARD 6 DIST 6,585,402,122,113,93,20,19.32,23.13,16.39
556,PENN HILLS WARD 7 DIST 1,676,493,100,153,134,19,22.63,27.18,19
557,PENN HILLS WARD 7 DIST 2,674,426,148,89,73,16,13.2,17.14,10.81
558,PENN HILLS WARD 7 DIST 3,910,624,176,157,137,20,17.25,21.96,11.36
559,PENN HILLS WARD 7 DIST 4,621,397,156,158,113,45,25.44,28.46,28.85
560,PENN HILLS WARD 7 DIST 5,708,441,181,148,110,38,20.9,24.94,20.99
561,PENN HILLS WARD 7 DIST 6,754,494,172,110,87,23,14.59,17.61,13.37
562,PENN HILLS WARD 7 DIST 7,722,440,190,109,72,37,15.1,16.36,19.47
563,PENN HILLS WARD 8 DIST 1,646,376,191,141,100,41,21.83,26.6,21.47
564,PENN HILLS WARD 8 DIST 2,555,316,168,123,87,36,22.16,27.53,21.43
565,PENN HILLS WARD 8 DIST 3,534,287,177,109,68,41,20.41,23.69,23.16
566,PENN HILLS WARD 8 DIST 4,633,360,203,120,90,30,18.96,25,14.78
567,PENN HILLS WARD 8 DIST 5,946,570,267,177,136,41,18.71,23.86,15.36
568,PENN HILLS WARD 8 DIST 6,477,275,144,116,78,38,24.32,28.36,26.39
569,PENN HILLS WARD 9 DIST 1,511,277,177,148,94,54,28.96,33.94,30.51
570,PENN HILLS WARD 9 DIST 2,548,314,175,92,70,22,16.79,22.29,12.57
571,PENN HILLS WARD 9 DIST 3,822,470,240,180,125,55,21.9,26.6,22.92
572,PENN HILLS WARD 9 DIST 4,598,333,171,157,119,38,26.25,35.74,22.22
573,PENN HILLS WARD 9 DIST 5,324,269,28,77,73,. 4,23.77,27.14,14.29
574,PINE DIST 1,1296,342,711,145,51,94,11.19,14.91,13.22
575,PINE DIST 2,1894,502,1058,295,95,200,15.58,18.92,18.9
576,PINE DIST 3,453,179,214,71,30,41,15.67,16.76,19.16
577,PINE DIST 4,1323,429,667,204,78,126,15.42,18.18,18.89
578,PINE DIST 5,1844,575,910,221,95,126,11.98,16.52,13.85
579,PINE DIST 6,698,182,395,86,20,66,12.32,10.99,16.71
580,PINE DIST 7,1479,519,700,170,77,93,11.49,14.84,13.29
581,PINE DIST 8,1131,329,628,134,40,94,11.85,12.16,14.97
582,PITCAIRN DIST 1,975,632,212,158,130,28,16.21,20.57,13.21
583,PITCAIRN DIST 2,515,336,106,72,63,. 9,13.98,18.75,8.49
584,PITCAIRN DIST 3,666,412,185,204,164,40,30.63,39.81,21.62
585,PITTSBURGH WARD 1 DIST 1,4126,2201,847,69,61,. 8,1.67,2.77,. .94
586,PITTSBURGH WARD 1 DIST 2,707,530,72,87,85,. 2,12.31,16.04,2.78
587,PITTSBURGH WARD 2 DIST 1,2167,1183,533,202,183,19,9.32,15.47,3.56
588,PITTSBURGH WARD 2 DIST 2,1212,589,341,84,75,. 9,6.93,12.73,2.64
589,PITTSBURGH WARD 3 DIST 1,289,263,. 7,67,67,. 0,23.18,25.48,. .00
590,PITTSBURGH WARD 3 DIST 2,684,612,23,234,228,. 6,34.21,37.25,26.09
591,PITTSBURGH WARD 3 DIST 3,377,326,14,86,86,. 0,22.81,26.38,. .00
592,PITTSBURGH WARD 3 DIST 4,597,398,86,45,44,. 1,7.54,11.06,1.16
593,PITTSBURGH WARD 3 DIST 5,479,382,31,68,65,. 3,14.2,17.02,9.68
594,PITTSBURGH WARD 4 DIST 1,327,234,32,29,29,. 0,8.87,12.39,. .00
595,PITTSBURGH WARD 4 DIST 2,816,584,81,77,70,. 7,9.44,11.99,8.64
596,PITTSBURGH WARD 4 DIST 3,376,332,10,54,54,. 0,14.36,16.27,. .00
597,PITTSBURGH WARD 4 DIST 4,252,205,13,24,24,. 0,9.52,11.71,. .00
598,PITTSBURGH WARD 4 DIST 5,1195,692,200,40,39,. 1,3.35,5.64,. .50
599,PITTSBURGH WARD 4 DIST 6,1003,659,128,57,57,. 0,5.68,8.65,. .00
600,PITTSBURGH WARD 4 DIST 7,3298,1808,587,76,75,. 1,2.3,4.15,. .17
601,PITTSBURGH WARD 4 DIST 8,4695,2440,971,15,13,. 2,. .32,. .53,. .21
602,PITTSBURGH WARD 4 DIST 9,809,567,104,104,96,. 8,12.86,16.93,7.69
603,PITTSBURGH WARD 4 DIST 10,638,409,71,35,33,. 2,5.49,8.07,2.82
604,PITTSBURGH WARD 4 DIST 11,605,447,77,158,142,16,26.12,31.77,20.78
605,PITTSBURGH WARD 4 DIST 12,721,466,78,91,84,. 7,12.62,18.03,8.97
606,PITTSBURGH WARD 4 DIST 13,942,622,108,62,53,. 9,6.58,8.52,8.33
607,PITTSBURGH WARD 4 DIST 14,1789,1135,281,49,49,. 0,2.74,4.32,. .00
608,PITTSBURGH WARD 4 DIST 15,1085,700,149,62,61,. 1,5.71,8.71,. .67
609,PITTSBURGH WARD 4 DIST 16,1629,1018,250,75,73,. 2,4.6,7.17,. .80
610,PITTSBURGH WARD 4 DIST 17,694,525,58,105,102,. 3,15.13,19.43,5.17
611,PITTSBURGH WARD 4 DIST 18,548,389,61,51,47,. 4,9.31,12.08,6.56
612,PITTSBURGH WARD 4 DIST 19,322,211,37,16,16,. 0,4.97,7.58,. .00
613,PITTSBURGH WARD 5 DIST 1,279,242,. 7,48,47,. 1,17.2,19.42,14.29
614,PITTSBURGH WARD 5 DIST 2,375,339,12,71,70,. 1,18.93,20.65,8.33
615,PITTSBURGH WARD 5 DIST 3,164,150,. 3,46,46,. 0,28.05,30.67,. .00
616,PITTSBURGH WARD 5 DIST 4,302,268,. 9,55,55,. 0,18.21,20.52,. .00
617,PITTSBURGH WARD 5 DIST 5,229,206,. 6,64,63,. 1,27.95,30.58,16.67
618,PITTSBURGH WARD 5 DIST 6,586,490,28,92,91,. 1,15.7,18.57,3.57
619,PITTSBURGH WARD 5 DIST 7,444,400,10,100,100,. 0,22.52,25,. .00
620,PITTSBURGH WARD 5 DIST 8,453,385,16,119,119,. 0,26.27,30.91,. .00
621,PITTSBURGH WARD 5 DIST 9,1177,809,150,124,116,. 8,10.54,14.34,5.33
622,PITTSBURGH WARD 5 DIST 10,472,398,21,122,120,. 2,25.85,30.15,9.52
623,PITTSBURGH WARD 5 DIST 11,403,345,. 9,86,86,. 0,21.34,24.93,. .00
624,PITTSBURGH WARD 5 DIST 12,425,373,15,81,80,. 1,19.06,21.45,6.67
625,PITTSBURGH WARD 5 DIST 13,283,253,11,50,50,. 0,17.67,19.76,. .00
626,PITTSBURGH WARD 5 DIST 14,293,270,. 7,55,55,. 0,18.77,20.37,. .00
627,PITTSBURGH WARD 5 DIST 15,271,235,. 8,20,20,. 0,7.38,8.51,. .00
628,PITTSBURGH WARD 5 DIST 16,229,198,. 8,20,20,. 0,8.73,10.1,. .00
629,PITTSBURGH WARD 5 DIST 17,255,213,12,44,43,. 1,17.25,20.19,8.33
630,PITTSBURGH WARD 5 DIST 18,53,39,. 7,. 8,. 8,. 0,15.09,20.51,. .00
631,PITTSBURGH WARD 6 DIST 1,1051,724,145,171,161,10,16.27,22.24,6.9
632,PITTSBURGH WARD 6 DIST 2,664,465,76,90,90,. 0,13.55,19.35,. .00
633,PITTSBURGH WARD 6 DIST 3,825,593,85,109,104,. 5,13.21,17.54,5.88
634,PITTSBURGH WARD 6 DIST 4,592,444,65,151,144,. 7,25.51,32.43,10.77
635,PITTSBURGH WARD 6 DIST 5,503,381,47,109,108,. 1,21.67,28.35,2.13
636,PITTSBURGH WARD 7 DIST 1,695,459,72,83,77,. 6,11.94,16.78,8.33
637,PITTSBURGH WARD 7 DIST 2,1103,673,200,178,160,18,16.14,23.77,9
638,PITTSBURGH WARD 7 DIST 3,833,564,103,90,83,. 7,10.8,14.72,6.8
639,PITTSBURGH WARD 7 DIST 4,1226,774,174,91,86,. 5,7.42,11.11,2.87
640,PITTSBURGH WARD 7 DIST 5,807,491,129,88,81,. 7,10.9,16.5,5.43
641,PITTSBURGH WARD 7 DIST 6,761,489,128,89,82,. 7,11.7,16.77,5.47
642,PITTSBURGH WARD 7 DIST 7,812,559,114,98,95,. 3,12.07,16.99,2.63
643,PITTSBURGH WARD 7 DIST 8,790,487,117,58,54,. 4,7.34,11.09,3.42
644,PITTSBURGH WARD 7 DIST 9,867,555,131,95,91,. 4,10.96,16.4,3.05
645,PITTSBURGH WARD 7 DIST 10,1119,724,177,145,136,. 9,12.96,18.78,5.08
646,PITTSBURGH WARD 7 DIST 11,1267,790,201,134,128,. 6,10.58,16.2,2.99
647,PITTSBURGH WARD 7 DIST 12,1089,661,167,133,120,13,12.21,18.15,7.78
648,PITTSBURGH WARD 7 DIST 13,618,385,77,38,36,. 2,6.15,9.35,2.6
649,PITTSBURGH WARD 7 DIST 14,497,304,88,49,46,. 3,9.86,15.13,3.41
650,PITTSBURGH WARD 8 DIST 1,386,278,49,85,78,. 7,22.02,28.06,14.29
651,PITTSBURGH WARD 8 DIST 2,644,478,65,159,155,. 4,24.69,32.43,6.15
652,PITTSBURGH WARD 8 DIST 3,910,629,102,158,146,12,17.36,23.21,11.76
653,PITTSBURGH WARD 8 DIST 4,811,542,105,117,112,. 5,14.43,20.66,4.76
654,PITTSBURGH WARD 8 DIST 5,624,425,85,134,129,. 5,21.47,30.35,5.88
655,PITTSBURGH WARD 8 DIST 6,452,311,55,73,70,. 3,16.15,22.51,5.45
656,PITTSBURGH WARD 8 DIST 7,863,639,72,142,140,. 2,16.45,21.91,2.78
657,PITTSBURGH WARD 8 DIST 8,695,524,75,165,158,. 7,23.74,30.15,9.33
658,PITTSBURGH WARD 8 DIST 9,860,573,86,110,104,. 6,12.79,18.15,6.98
659,PITTSBURGH WARD 8 DIST 10,703,534,64,118,118,. 0,16.79,22.1,. .00
660,PITTSBURGH WARD 8 DIST 11,723,523,86,99,95,. 4,13.69,18.16,4.65
661,PITTSBURGH WARD 8 DIST 12,661,500,44,132,129,. 3,19.97,25.8,6.82
662,PITTSBURGH WARD 8 DIST 13,578,449,30,78,75,. 3,13.49,16.7,10
663,PITTSBURGH WARD 9 DIST 1,602,413,76,97,92,. 5,16.11,22.28,6.58
664,PITTSBURGH WARD 9 DIST 2,630,454,75,126,123,. 3,20,27.09,4
665,PITTSBURGH WARD 9 DIST 3,649,472,71,149,145,. 4,22.96,30.72,5.63
666,PITTSBURGH WARD 9 DIST 4,681,492,78,134,131,. 3,19.68,26.63,3.85
667,PITTSBURGH WARD 9 DIST 5,722,537,76,164,160,. 4,22.71,29.8,5.26
668,PITTSBURGH WARD 9 DIST 6,592,456,61,149,142,. 7,25.17,31.14,11.48
669,PITTSBURGH WARD 9 DIST 7,472,351,39,93,89,. 4,19.7,25.36,10.26
670,PITTSBURGH WARD 9 DIST 8,741,534,77,125,117,. 8,16.87,21.91,10.39
671,PITTSBURGH WARD 9 DIST 9,683,491,69,107,104,. 3,15.67,21.18,4.35
672,PITTSBURGH WARD 10 DIST 1,602,434,61,112,107,. 5,18.6,24.65,8.2
673,PITTSBURGH WARD 10 DIST 2,659,489,60,146,137,. 9,22.15,28.02,15
674,PITTSBURGH WARD 10 DIST 3,727,526,67,147,140,. 7,20.22,26.62,10.45
675,PITTSBURGH WARD 10 DIST 4,541,441,44,191,184,. 7,35.3,41.72,15.91
676,PITTSBURGH WARD 10 DIST 5,507,391,61,121,115,. 6,23.87,29.41,9.84
677,PITTSBURGH WARD 10 DIST 6,512,383,67,143,133,10,27.93,34.73,14.93
678,PITTSBURGH WARD 10 DIST 7,614,427,101,148,144,. 4,24.1,33.72,3.96
679,PITTSBURGH WARD 10 DIST 8,611,450,99,169,158,11,27.66,35.11,11.11
680,PITTSBURGH WARD 10 DIST 9,540,384,86,133,124,. 9,24.63,32.29,10.47
681,PITTSBURGH WRD 10 DIST 10,617,489,67,196,188,. 8,31.77,38.45,11.94
682,PITTSBURGH WRD 10 DIST 11,631,471,79,152,145,. 7,24.09,30.79,8.86
683,PITTSBURGH WRD 10 DIST 12,577,498,30,173,170,. 3,29.98,34.14,10
684,PITTSBURGH WRD 10 DIST 13,562,479,33,149,142,. 7,26.51,29.65,21.21
685,PITTSBURGH WRD 10 DIST 14,568,474,50,174,165,. 9,30.63,34.81,18
686,PITTSBURGH WRD 10 DIST 15,369,320,15,85,79,. 6,23.04,24.69,40
687,PITTSBURGH WRD 10 DIST 16,370,318,22,54,53,. 1,14.59,16.67,4.55
688,PITTSBURGH WRD 10 DIST 17,540,434,35,106,104,. 2,19.63,23.96,5.71
689,PITTSBURGH WRD 10 DIST 18,569,466,24,109,107,. 2,19.16,22.96,8.33
690,PITTSBURGH WRD 10 DIST 19,486,402,26,86,86,. 0,17.7,21.39,. .00
691,PITTSBURGH WARD 11 DIST 1,644,480,58,151,145,. 6,23.45,30.21,10.34
692,PITTSBURGH WARD 11 DIST 2,610,509,23,138,138,. 0,22.62,27.11,. .00
693,PITTSBURGH WARD 11 DIST 3,489,423,21,73,72,. 1,14.93,17.02,4.76
694,PITTSBURGH WARD 11 DIST 4,578,470,31,102,102,. 0,17.65,21.7,. .00
695,PITTSBURGH WARD 11 DIST 5,601,478,39,98,95,. 3,16.31,19.87,7.69
696,PITTSBURGH WARD 11 DIST 6,928,722,61,154,146,. 8,16.59,20.22,13.11
697,PITTSBURGH WARD 11 DIST 7,694,502,91,157,151,. 6,22.62,30.08,6.59
698,PITTSBURGH WARD 11 DIST 8,664,494,80,136,127,. 9,20.48,25.71,11.25
699,PITTSBURGH WARD 11 DIST 9,665,520,54,177,171,. 6,26.62,32.88,11.11
700,PITTSBURGH WRD 11 DIST 10,593,458,67,216,208,. 8,36.42,45.41,11.94
701,PITTSBURGH WRD 11 DIST 11,709,526,69,163,158,. 5,22.99,30.04,7.25
702,PITTSBURGH WRD 11 DIST 12,728,582,57,188,183,. 5,25.82,31.44,8.77
703,PITTSBURGH WRD 11 DIST 13,710,564,50,214,213,. 1,30.14,37.77,2
704,PITTSBURGH WRD 11 DIST 14,645,551,27,100,99,. 1,15.5,17.97,3.7
705,PITTSBURGH WRD 11 DIST 15,288,245,. 9,24,24,. 0,8.33,9.8,. .00
706,PITTSBURGH WRD 11 DIST 16,642,480,60,91,87,. 4,14.17,18.13,6.67
707,PITTSBURGH WRD 11 DIST 17,748,619,39,124,123,. 1,16.58,19.87,2.56
708,PITTSBURGH WRD 11 DIST 18,584,447,57,87,84,. 3,14.9,18.79,5.26
709,PITTSBURGH WARD 12 DIST 1,262,194,23,41,40,. 1,15.65,20.62,4.35
710,PITTSBURGH WARD 12 DIST 2,335,285,14,52,51,. 1,15.52,17.89,7.14
711,PITTSBURGH WARD 12 DIST 3,180,154,. 5,23,23,. 0,12.78,14.94,. .00
712,PITTSBURGH WARD 12 DIST 4,343,304,. 8,59,58,. 1,17.2,19.08,12.5
713,PITTSBURGH WARD 12 DIST 5,181,146,. 7,28,28,. 0,15.47,19.18,. .00
714,PITTSBURGH WARD 12 DIST 6,248,215,. 8,40,39,. 1,16.13,18.14,12.5
715,PITTSBURGH WARD 12 DIST 7,341,285,13,46,46,. 0,13.49,16.14,. .00
716,PITTSBURGH WARD 12 DIST 8,231,199,. 6,40,40,. 0,17.32,20.1,. .00
717,PITTSBURGH WARD 12 DIST 9,350,324,. 6,60,59,. 1,17.14,18.21,16.67
718,PITTSBURGH WRD 12 DIST 10,461,418,. 7,101,99,. 2,21.91,23.68,28.57
719,PITTSBURGH WRD 12 DIST 11,490,434,14,95,93,. 2,19.39,21.43,14.29
720,PITTSBURGH WRD 12 DIST 12,770,596,47,113,111,. 2,14.68,18.62,4.26
721,PITTSBURGH WRD 12 DIST 13,422,368,16,91,88,. 3,21.56,23.91,18.75
722,PITTSBURGH WRD 12 DIST 14,357,310,. 9,52,52,. 0,14.57,16.77,. .00
723,PITTSBURGH WRD 12 DIST 15,570,505,16,155,154,. 1,27.19,30.5,6.25
724,PITTSBURGH WRD 12 DIST 16,406,368,15,89,89,. 0,21.92,24.18,. .00
725,PITTSBURGH WARD 13 DIST 1,311,270,. 7,72,72,. 0,23.15,26.67,. .00
726,PITTSBURGH WARD 13 DIST 2,405,372,. 8,89,88,. 1,21.98,23.66,12.5
727,PITTSBURGH WARD 13 DIST 3,339,297,11,67,67,. 0,19.76,22.56,. .00
728,PITTSBURGH WARD 13 DIST 4,335,294,11,47,47,. 0,14.03,15.99,. .00
729,PITTSBURGH WARD 13 DIST 5,359,308,12,54,54,. 0,15.04,17.53,. .00
730,PITTSBURGH WARD 13 DIST 6,389,340,. 7,84,83,. 1,21.59,24.41,14.29
731,PITTSBURGH WARD 13 DIST 7,433,369,18,83,82,. 1,19.17,22.22,5.56
732,PITTSBURGH WARD 13 DIST 8,303,264,. 9,63,63,. 0,20.79,23.86,. .00
733,PITTSBURGH WARD 13 DIST 9,314,267,12,46,39,. 7,14.65,14.61,58.33
734,PITTSBURGH WRD 13 DIST 10,221,187,11,40,38,. 2,18.1,20.32,18.18
735,PITTSBURGH WRD 13 DIST 11,454,388,. 9,42,41,. 1,9.25,10.57,11.11
736,PITTSBURGH WRD 13 DIST 12,446,384,13,80,79,. 1,17.94,20.57,7.69
737,PITTSBURGH WRD 13 DIST 13,298,255,. 9,43,43,. 0,14.43,16.86,. .00
738,PITTSBURGH WRD 13 DIST 14,297,244,15,45,45,. 0,15.15,18.44,. .00
739,PITTSBURGH WRD 13 DIST 15,331,290,13,100,97,. 3,30.21,33.45,23.08
740,PITTSBURGH WRD 13 DIST 16,330,291,. 9,60,60,. 0,18.18,20.62,. .00
741,PITTSBURGH WRD 13 DIST 17,922,765,37,108,106,. 2,11.71,13.86,5.41
742,PITTSBURGH WRD 13 DIST 18,257,212,10,16,16,. 0,6.23,7.55,. .00
743,PITTSBURGH WRD 13 DIST 19,488,446,10,158,157,. 1,32.38,35.2,10
744,PITTSBURGH WARD 14 DIST 1,780,519,83,73,71,. 2,9.36,13.68,2.41
745,PITTSBURGH WARD 14 DIST 2,1618,1001,151,76,69,. 7,4.7,6.89,4.64
746,PITTSBURGH WARD 14 DIST 3,940,674,110,178,171,. 7,18.94,25.37,6.36
747,PITTSBURGH WARD 14 DIST 4,765,583,64,223,219,. 4,29.15,37.56,6.25
748,PITTSBURGH WARD 14 DIST 5,846,590,112,181,173,. 8,21.39,29.32,7.14
749,PITTSBURGH WARD 14 DIST 6,741,478,118,85,81,. 4,11.47,16.95,3.39
750,PITTSBURGH WARD 14 DIST 7,4339,2532,359,78,73,. 5,1.8,2.88,1.39
751,PITTSBURGH WARD 14 DIST 8,805,548,89,159,151,. 8,19.75,27.55,8.99
752,PITTSBURGH WARD 14 DIST 9,819,599,120,258,243,15,31.5,40.57,12.5
753,PITTSBURGH WRD 14 DIST 10,722,521,91,198,189,. 9,27.42,36.28,9.89
754,PITTSBURGH WRD 14 DIST 11,854,599,108,228,216,12,26.7,36.06,11.11
755,PITTSBURGH WRD 14 DIST 12,846,633,61,157,154,. 3,18.56,24.33,4.92
756,PITTSBURGH WRD 14 DIST 13,796,637,58,245,237,. 8,30.78,37.21,13.79
757,PITTSBURGH WRD 14 DIST 14,897,666,104,228,219,. 9,25.42,32.88,8.65
758,PITTSBURGH WRD 14 DIST 15,817,623,67,194,188,. 6,23.75,30.18,8.96
759,PITTSBURGH WRD 14 DIST 16,530,388,76,147,142,. 5,27.74,36.6,6.58
760,PITTSBURGH WRD 14 DIST 17,477,371,47,198,191,. 7,41.51,51.48,14.89
761,PITTSBURGH WRD 14 DIST 18,810,611,93,224,206,18,27.65,33.72,19.35
762,PITTSBURGH WRD 14 DIST 19,620,502,55,231,226,. 5,37.26,45.02,9.09
763,PITTSBURGH WRD 14 DIST 20,679,494,69,190,180,10,27.98,36.44,14.49
764,PITTSBURGH WRD 14 DIST 21,614,455,80,180,175,. 5,29.32,38.46,6.25
765,PITTSBURGH WRD 14 DIST 22,752,560,77,231,222,. 9,30.72,39.64,11.69
766,PITTSBURGH WRD 14 DIST 23,729,545,86,205,194,11,28.12,35.6,12.79
767,PITTSBURGH WRD 14 DIST 24,609,442,65,155,149,. 6,25.45,33.71,9.23
768,PITTSBURGH WRD 14 DIST 25,1006,686,143,238,227,11,23.66,33.09,7.69
769,PITTSBURGH WRD 14 DIST 26,644,445,96,171,153,18,26.55,34.38,18.75
770,PITTSBURGH WRD 14 DIST 27,558,396,98,174,157,17,31.18,39.65,17.35
771,PITTSBURGH WRD 14 DIST 28,557,380,118,132,117,15,23.7,30.79,12.71
772,PITTSBURGH WRD 14 DIST 29,805,571,102,156,145,11,19.38,25.39,10.78
773,PITTSBURGH WRD 14 DIST 30,699,516,84,138,134,. 4,19.74,25.97,4.76
774,PITTSBURGH WRD 14 DIST 31,1155,784,173,282,258,24,24.42,32.91,13.87
775,PITTSBURGH WRD 14 DIST 32,832,558,87,111,109,. 2,13.34,19.53,2.3
776,PITTSBURGH WRD 14 DIST 33,848,551,138,162,149,13,19.1,27.04,9.42
777,PITTSBURGH WRD 14 DIST 34,890,542,166,149,132,17,16.74,24.35,10.24
778,PITTSBURGH WRD 14 DIST 35,645,479,74,144,136,. 8,22.33,28.39,10.81
779,PITTSBURGH WRD 14 DIST 36,880,626,103,133,128,. 5,15.11,20.45,4.85
780,PITTSBURGH WRD 14 DIST 37,689,431,111,100,88,10,14.51,20.42,9.01
781,PITTSBURGH WRD 14 DIST 38,599,425,86,135,131,. 4,22.54,30.82,4.65
782,PITTSBURGH WRD 14 DIST 39,637,435,87,145,138,. 7,22.76,31.72,8.05
783,PITTSBURGH WRD 14 DIST 40,571,375,60,78,73,. 5,13.66,19.47,8.33
784,PITTSBURGH WRD 14 DIST 41,81,62,. 7,21,19,. 2,25.93,30.65,28.57
785,PITTSBURGH WARD 15 DIST 1,633,467,80,96,92,. 4,15.17,19.7,5
786,PITTSBURGH WARD 15 DIST 2,756,505,113,110,102,. 8,14.55,20.2,7.08
787,PITTSBURGH WARD 15 DIST 3,647,434,80,111,104,. 7,17.16,23.96,8.75
788,PITTSBURGH WARD 15 DIST 4,666,456,94,103,101,. 2,15.47,22.15,2.13
789,PITTSBURGH WARD 15 DIST 5,610,409,97,99,92,. 7,16.23,22.49,7.22
790,PITTSBURGH WARD 15 DIST 6,549,372,84,133,124,. 9,24.23,33.33,10.71
791,PITTSBURGH WARD 15 DIST 7,731,515,102,143,136,. 7,19.56,26.41,6.86
792,PITTSBURGH WARD 15 DIST 8,630,429,85,116,106,10,18.41,24.71,11.76
793,PITTSBURGH WARD 15 DIST 9,177,135,25,36,34,. 2,20.34,25.19,8
794,PITTSBURGH WRD 15 DIST 10,641,444,96,99,98,. 1,15.44,22.07,1.04
795,PITTSBURGH WRD 15 DIST 11,590,403,106,94,84,10,15.93,20.84,9.43
796,PITTSBURGH WRD 15 DIST 12,494,360,56,90,85,. 5,18.22,23.61,8.93
797,PITTSBURGH WRD 15 DIST 13,489,398,35,72,70,. 2,14.72,17.59,5.71
798,PITTSBURGH WRD 15 DIST 14,315,260,26,46,45,. 1,14.6,17.31,3.85
799,PITTSBURGH WRD 15 DIST 15,396,301,36,37,36,. 1,9.34,11.96,2.78
800,PITTSBURGH WRD 15 DIST 16,557,464,37,96,91,. 5,17.24,19.61,13.51
801,PITTSBURGH WRD 15 DIST 17,31,26,. 0,. 6,. 6,. 0,19.35,23.08,. . .
802,PITTSBURGH WRD 15 DIST 18,565,442,47,98,93,. 5,17.35,21.04,10.64
803,PITTSBURGH WRD 15 DIST 19,505,406,38,97,89,. 8,19.21,21.92,21.05
804,PITTSBURGH WARD 16 DIST 1,922,548,187,104,96,. 8,11.28,17.52,4.28
805,PITTSBURGH WARD 16 DIST 2,1290,730,284,133,127,. 6,10.31,17.4,2.11
806,PITTSBURGH WARD 16 DIST 3,918,541,190,123,109,14,13.4,20.15,7.37
807,PITTSBURGH WARD 16 DIST 4,438,299,62,50,45,. 5,11.42,15.05,8.06
808,PITTSBURGH WARD 16 DIST 5,638,401,113,83,79,. 4,13.01,19.7,3.54
809,PITTSBURGH WARD 16 DIST 6,493,332,87,82,75,. 7,16.63,22.59,8.05
810,PITTSBURGH WARD 16 DIST 7,407,300,48,76,70,. 6,18.67,23.33,12.5
811,PITTSBURGH WARD 16 DIST 8,193,154,10,12,12,. 0,6.22,7.79,. .00
812,PITTSBURGH WARD 16 DIST 9,541,392,66,91,85,. 6,16.82,21.68,9.09
813,PITTSBURGH WRD 16 DIST 10,404,296,51,54,49,. 5,13.37,16.55,9.8
814,PITTSBURGH WRD 16 DIST 11,412,304,49,70,67,. 3,16.99,22.04,6.12
815,PITTSBURGH WARD 17 DIST 1,188,116,39,17,15,. 2,9.04,12.93,5.13
816,PITTSBURGH WARD 17 DIST 2,904,487,209,125,111,14,13.83,22.79,6.7
817,PITTSBURGH WARD 17 DIST 3,671,403,141,104,95,. 9,15.5,23.57,6.38
818,PITTSBURGH WARD 17 DIST 4,826,467,187,127,119,. 8,15.38,25.48,4.28
819,PITTSBURGH WARD 17 DIST 5,597,354,140,83,78,. 5,13.9,22.03,3.57
820,PITTSBURGH WARD 17 DIST 6,456,298,66,48,42,. 6,10.53,14.09,9.09
821,PITTSBURGH WARD 17 DIST 7,417,270,74,79,72,. 7,18.94,26.67,9.46
822,PITTSBURGH WARD 17 DIST 8,458,290,90,65,61,. 4,14.19,21.03,4.44
823,PITTSBURGH WARD 18 DIST 1,573,418,95,105,92,13,18.32,22.01,13.68
824,PITTSBURGH WARD 18 DIST 2,442,385,19,96,95,. 1,21.72,24.68,5.26
825,PITTSBURGH WARD 18 DIST 3,381,346,10,80,80,. 0,21,23.12,. .00
826,PITTSBURGH WARD 18 DIST 4,472,405,21,83,82,. 1,17.58,20.25,4.76
827,PITTSBURGH WARD 18 DIST 5,984,635,188,151,132,19,15.35,20.79,10.11
828,PITTSBURGH WARD 18 DIST 6,412,312,45,46,45,. 1,11.17,14.42,2.22
829,PITTSBURGH WARD 18 DIST 7,453,293,78,50,49,. 1,11.04,16.72,1.28
830,PITTSBURGH WARD 18 DIST 8,268,198,26,30,30,. 0,11.19,15.15,. .00
831,PITTSBURGH WARD 18 DIST 9,720,522,79,117,112,. 5,16.25,21.46,6.33
832,PITTSBURGH WRD 18 DIST 10,78,39,24,10,10,. 0,12.82,25.64,. .00
833,PITTSBURGH WRD 18 DIST 11,565,413,60,56,51,. 5,9.91,12.35,8.33
834,PITTSBURGH WARD 19 DIST 1,541,334,123,78,68,10,14.42,20.36,8.13
835,PITTSBURGH WARD 19 DIST 2,712,401,185,68,56,12,9.55,13.97,6.49
836,PITTSBURGH WARD 19 DIST 3,595,334,163,79,62,17,13.28,18.56,10.43
837,PITTSBURGH WARD 19 DIST 4,446,256,124,66,56,10,14.8,21.88,8.06
838,PITTSBURGH WARD 19 DIST 5,447,251,111,57,41,16,12.75,16.33,14.41
839,PITTSBURGH WARD 19 DIST 6,532,305,135,63,59,. 4,11.84,19.34,2.96
840,PITTSBURGH WARD 19 DIST 7,233,112,55,20,17,. 3,8.58,15.18,5.45
841,PITTSBURGH WARD 19 DIST 8,603,339,154,58,46,12,9.62,13.57,7.79
842,PITTSBURGH WARD 19 DIST 9,550,330,115,60,51,. 9,10.91,15.45,7.83
843,PITTSBURGH WRD 19 DIST 10,721,457,117,87,77,10,12.07,16.85,8.55
844,PITTSBURGH WRD 19 DIST 11,549,349,92,34,30,. 4,6.19,8.6,4.35
845,PITTSBURGH WRD 19 DIST 12,438,296,95,90,85,. 5,20.55,28.72,5.26
846,PITTSBURGH WRD 19 DIST 13,489,317,89,40,36,. 4,8.18,11.36,4.49
847,PITTSBURGH WRD 19 DIST 14,571,373,97,45,39,. 6,7.88,10.46,6.19
848,PITTSBURGH WRD 19 DIST 15,641,414,111,74,64,10,11.54,15.46,9.01
849,PITTSBURGH WRD 19 DIST 16,598,437,62,90,84,. 6,15.05,19.22,9.68
850,PITTSBURGH WRD 19 DIST 17,563,382,110,93,80,13,16.52,20.94,11.82
851,PITTSBURGH WRD 19 DIST 18,491,345,53,72,69,. 3,14.66,20,5.66
852,PITTSBURGH WRD 19 DIST 19,547,378,85,82,73,. 9,14.99,19.31,10.59
853,PITTSBURGH WRD 19 DIST 20,516,336,104,90,79,11,17.44,23.51,10.58
854,PITTSBURGH WRD 19 DIST 21,653,445,110,84,77,. 7,12.86,17.3,6.36
855,PITTSBURGH WRD 19 DIST 22,545,371,97,92,84,. 8,16.88,22.64,8.25
856,PITTSBURGH WRD 19 DIST 23,631,408,127,75,60,15,11.89,14.71,11.81
857,PITTSBURGH WRD 19 DIST 24,492,329,95,76,65,11,15.45,19.76,11.58
858,PITTSBURGH WRD 19 DIST 25,539,370,95,102,86,16,18.92,23.24,16.84
859,PITTSBURGH WRD 19 DIST 26,468,305,86,83,73,10,17.74,23.93,11.63
860,PITTSBURGH WRD 19 DIST 27,470,311,104,97,81,16,20.64,26.05,15.38
861,PITTSBURGH WRD 19 DIST 28,655,424,147,170,153,17,25.95,36.08,11.56
862,PITTSBURGH WRD 19 DIST 29,537,332,117,81,71,10,15.08,21.39,8.55
863,PITTSBURGH WRD 19 DIST 30,537,372,100,95,87,. 8,17.69,23.39,8
864,PITTSBURGH WRD 19 DIST 31,499,328,109,102,86,16,20.44,26.22,14.68
865,PITTSBURGH WRD 19 DIST 32,541,349,98,91,80,11,16.82,22.92,11.22
866,PITTSBURGH WRD 19 DIST 33,467,324,88,78,69,. 9,16.7,21.3,10.23
867,PITTSBURGH WRD 19 DIST 34,530,351,111,70,64,. 6,13.21,18.23,5.41
868,PITTSBURGH WRD 19 DIST 35,520,346,110,68,60,. 8,13.08,17.34,7.27
869,PITTSBURGH WRD 19 DIST 36,660,454,125,114,106,. 8,17.27,23.35,6.4
870,PITTSBURGH WRD 19 DIST 37,453,288,96,85,75,10,18.76,26.04,10.42
871,PITTSBURGH WRD 19 DIST 38,543,369,96,82,77,. 5,15.1,20.87,5.21
872,PITTSBURGH WARD 20 DIST 1,639,390,163,88,72,16,13.77,18.46,9.82
873,PITTSBURGH WARD 20 DIST 2,234,133,55,25,20,. 5,10.68,15.04,9.09
874,PITTSBURGH WARD 20 DIST 3,699,453,153,80,71,. 9,11.44,15.67,5.88
875,PITTSBURGH WARD 20 DIST 4,69,46,12,. 8,. 7,. 1,11.59,15.22,8.33
876,PITTSBURGH WARD 20 DIST 5,575,405,95,65,55,10,11.3,13.58,10.53
877,PITTSBURGH WARD 20 DIST 6,563,403,73,65,56,. 9,11.55,13.9,12.33
878,PITTSBURGH WARD 20 DIST 7,701,538,75,78,72,. 6,11.13,13.38,8
879,PITTSBURGH WARD 20 DIST 8,736,536,100,91,77,14,12.36,14.37,14
880,PITTSBURGH WARD 20 DIST 9,218,162,22,19,19,. 0,8.72,11.73,. .00
881,PITTSBURGH WRD 20 DIST 10,663,508,70,60,58,. 2,9.05,11.42,2.86
882,PITTSBURGH WRD 20 DIST 11,698,533,65,79,73,. 6,11.32,13.7,9.23
883,PITTSBURGH WRD 20 DIST 12,970,734,105,134,120,14,13.81,16.35,13.33
884,PITTSBURGH WRD 20 DIST 13,469,394,35,98,94,. 4,20.9,23.86,11.43
885,PITTSBURGH WRD 20 DIST 14,906,654,147,133,118,15,14.68,18.04,10.2
886,PITTSBURGH WRD 20 DIST 15,963,545,214,70,69,. 1,7.27,12.66,. .47
887,PITTSBURGH WRD 20 DIST 16,670,412,174,128,106,22,19.1,25.73,12.64
888,PITTSBURGH WRD 20 DIST 17,430,281,92,73,61,12,16.98,21.71,13.04
889,PITTSBURGH WRD 20 DIST 18,522,326,139,82,66,16,15.71,20.25,11.51
890,PITTSBURGH WRD 21 DIST 1,488,412,27,65,64,. 1,13.32,15.53,3.7
891,PITTSBURGH WARD 21 DIST 2,472,396,27,99,97,. 2,20.97,24.49,7.41
892,PITTSBURGH WARD 21 DIST 3,690,585,32,143,142,. 1,20.72,24.27,3.13
893,PITTSBURGH WARD 21 DIST 4,648,506,57,116,115,. 1,17.9,22.73,1.75
894,PITTSBURGH WARD 22 DIST 1,747,519,116,177,168,. 9,23.69,32.37,7.76
895,PITTSBURGH WARD 22 DIST 2,705,499,105,201,193,. 8,28.51,38.68,7.62
896,PITTSBURGH WARD 22 DIST 3,728,542,72,167,158,. 9,22.94,29.15,12.5
897,PITTSBURGH WARD 22 DIST 4,873,575,119,61,57,. 4,6.99,9.91,3.36
898,PITTSBURGH WARD 23 DIST 1,1288,789,256,171,162,. 9,13.28,20.53,3.52
899,PITTSBURGH WARD 23 DIST 2,838,581,127,148,144,. 4,17.66,24.78,3.15
900,PITTSBURGH WARD 23 DIST 3,434,303,66,76,69,. 7,17.51,22.77,10.61
901,PITTSBURGH WARD 24 DIST 1,434,314,61,104,100,. 4,23.96,31.85,6.56
902,PITTSBURGH WARD 24 DIST 2,439,315,64,99,95,. 4,22.55,30.16,6.25
903,PITTSBURGH WARD 24 DIST 3,375,275,50,104,97,. 7,27.73,35.27,14
904,PITTSBURGH WARD 24 DIST 4,617,387,128,148,134,14,23.99,34.63,10.94
905,PITTSBURGH WARD 24 DIST 5,547,363,78,86,79,. 7,15.72,21.76,8.97
906,PITTSBURGH WARD 24 DIST 6,552,395,83,154,142,12,27.9,35.95,14.46
907,PITTSBURGH WARD 25 DIST 1,444,345,31,82,80,. 2,18.47,23.19,6.45
908,PITTSBURGH WARD 25 DIST 2,443,337,38,61,60,. 1,13.77,17.8,2.63
909,PITTSBURGH WARD 25 DIST 3,589,445,63,90,87,. 3,15.28,19.55,4.76
910,PITTSBURGH WARD 25 DIST 4,368,305,18,41,41,. 0,11.14,13.44,. .00
911,PITTSBURGH WARD 25 DIST 5,386,294,44,55,54,. 1,14.25,18.37,2.27
912,PITTSBURGH WARD 25 DIST 6,403,335,18,45,45,. 0,11.17,13.43,. .00
913,PITTSBURGH WARD 25 DIST 7,431,315,61,81,73,. 8,18.79,23.17,13.11
914,PITTSBURGH WARD 26 DIST 1,575,499,28,90,88,. 2,15.65,17.64,7.14
915,PITTSBURGH WARD 26 DIST 2,506,436,24,73,73,. 0,14.43,16.74,. .00
916,PITTSBURGH WARD 26 DIST 3,457,353,44,79,70,. 9,17.29,19.83,20.45
917,PITTSBURGH WARD 26 DIST 4,427,334,35,66,64,. 2,15.46,19.16,5.71
918,PITTSBURGH WARD 26 DIST 5,538,446,30,58,56,. 2,10.78,12.56,6.67
919,PITTSBURGH WARD 26 DIST 6,412,352,16,52,51,. 1,12.62,14.49,6.25
920,PITTSBURGH WARD 26 DIST 7,332,280,20,50,50,. 0,15.06,17.86,. .00
921,PITTSBURGH WARD 26 DIST 8,681,535,60,96,86,10,14.1,16.07,16.67
922,PITTSBURGH WARD 26 DIST 9,350,261,44,111,107,. 4,31.71,41,9.09
923,PITTSBURGH WRD 26 DIST 10,693,536,75,143,138,. 5,20.63,25.75,6.67
924,PITTSBURGH WRD 26 DIST 11,734,571,66,193,184,. 9,26.29,32.22,13.64
925,PITTSBURGH WRD 26 DIST 12,508,352,65,95,89,. 6,18.7,25.28,9.23
926,PITTSBURGH WRD 26 DIST 13,589,427,92,114,105,. 9,19.35,24.59,9.78
927,PITTSBURGH WRD 26 DIST 14,590,417,131,157,135,22,26.61,32.37,16.79
928,PITTSBURGH WRD 26 DIST 15,504,323,111,119,104,15,23.61,32.2,13.51
929,PITTSBURGH WRD 26 DIST 16,739,546,101,149,139,10,20.16,25.46,9.9
930,PITTSBURGH WRD 26 DIST 17,203,139,40,39,35,. 4,19.21,25.18,10
931,PITTSBURGH WARD 27 DIST 1,793,543,153,229,203,26,28.88,37.38,16.99
932,PITTSBURGH WARD 27 DIST 2,676,438,148,180,161,19,26.63,36.76,12.84
933,PITTSBURGH WARD 27 DIST 3,581,409,103,141,132,. 9,24.27,32.27,8.74
934,PITTSBURGH WARD 27 DIST 4,767,513,137,153,135,18,19.95,26.32,13.14
935,PITTSBURGH WARD 27 DIST 5,732,517,123,221,202,19,30.19,39.07,15.45
936,PITTSBURGH WARD 27 DIST 6,788,561,113,126,112,14,15.99,19.96,12.39
937,PITTSBURGH WARD 27 DIST 7,644,458,95,181,170,11,28.11,37.12,11.58
938,PITTSBURGH WARD 27 DIST 8,604,436,89,132,123,. 9,21.85,28.21,10.11
939,PITTSBURGH WARD 27 DIST 9,624,462,67,111,107,. 4,17.79,23.16,5.97
940,PITTSBURGH WRD 27 DIST 10,645,504,64,115,108,. 7,17.83,21.43,10.94
941,PITTSBURGH WRD 27 DIST 11,657,493,76,102,95,. 7,15.53,19.27,9.21
942,PITTSBURGH WRD 27 DIST 12,563,411,64,88,85,. 3,15.63,20.68,4.69
943,PITTSBURGH WRD 27 DIST 13,593,463,61,104,97,. 7,17.54,20.95,11.48
944,PITTSBURGH WARD 28 DIST 1,689,415,172,107,84,23,15.53,20.24,13.37
945,PITTSBURGH WARD 28 DIST 2,546,366,82,78,68,10,14.29,18.58,12.2
946,PITTSBURGH WARD 28 DIST 3,886,536,217,101,85,16,11.4,15.86,7.37
947,PITTSBURGH WARD 28 DIST 4,661,446,145,81,76,. 5,12.25,17.04,3.45
948,PITTSBURGH WARD 28 DIST 5,692,455,141,96,90,. 6,13.87,19.78,4.26
949,PITTSBURGH WARD 28 DIST 6,592,402,109,101,95,. 6,17.06,23.63,5.5
950,PITTSBURGH WARD 28 DIST 7,707,518,83,60,55,. 5,8.49,10.62,6.02
951,PITTSBURGH WARD 28 DIST 8,850,580,173,137,119,18,16.12,20.52,10.4
952,PITTSBURGH WARD 28 DIST 9,638,500,78,94,88,. 6,14.73,17.6,7.69
953,PITTSBURGH WRD 28 DIST 10,554,327,124,33,29,. 4,5.96,8.87,3.23
954,PITTSBURGH WRD 28 DIST 11,141,115,11,24,22,. 2,17.02,19.13,18.18
955,PITTSBURGH WARD 29 DIST 1,641,430,120,70,57,13,10.92,13.26,10.83
956,PITTSBURGH WARD 29 DIST 2,563,378,102,90,82,. 8,15.99,21.69,7.84
957,PITTSBURGH WARD 29 DIST 3,471,321,84,67,62,. 5,14.23,19.31,5.95
958,PITTSBURGH WARD 29 DIST 4,547,348,109,58,51,. 7,10.6,14.66,6.42
959,PITTSBURGH WARD 29 DIST 5,588,396,92,58,50,. 8,9.86,12.63,8.7
960,PITTSBURGH WARD 29 DIST 6,617,404,135,84,79,. 5,13.61,19.55,3.7
961,PITTSBURGH WARD 29 DIST 7,696,471,128,95,83,12,13.65,17.62,9.38
962,PITTSBURGH WARD 29 DIST 8,554,352,95,43,37,. 6,7.76,10.51,6.32
963,PITTSBURGH WARD 29 DIST 9,466,313,78,48,47,. 1,10.3,15.02,1.28
964,PITTSBURGH WRD 29 DIST 10,546,386,101,76,69,. 7,13.92,17.88,6.93
965,PITTSBURGH WRD 29 DIST 11,652,443,111,83,72,11,12.73,16.25,9.91
966,PITTSBURGH WRD 29 DIST 12,580,374,109,49,45,. 4,8.45,12.03,3.67
967,PITTSBURGH WARD 30 DIST 1,443,358,30,62,58,. 4,14,16.2,13.33
968,PITTSBURGH WARD 30 DIST 2,427,344,23,73,70,. 3,17.1,20.35,13.04
969,PITTSBURGH WARD 30 DIST 3,376,290,35,35,33,. 2,9.31,11.38,5.71
970,PITTSBURGH WARD 30 DIST 4,613,463,60,87,83,. 4,14.19,17.93,6.67
971,PITTSBURGH WARD 30 DIST 5,685,532,67,76,72,. 4,11.09,13.53,5.97
972,PITTSBURGH WARD 31 DIST 1,228,149,46,26,23,. 3,11.4,15.44,6.52
973,PITTSBURGH WARD 31 DIST 2,435,285,109,88,77,11,20.23,27.02,10.09
974,PITTSBURGH WARD 31 DIST 3,556,342,147,92,80,12,16.55,23.39,8.16
975,PITTSBURGH WARD 31 DIST 4,558,360,140,85,71,14,15.23,19.72,10
976,PITTSBURGH WARD 31 DIST 5,708,457,167,93,78,15,13.14,17.07,8.98
977,PITTSBURGH WARD 31 DIST 6,554,322,179,75,53,22,13.54,16.46,12.29
978,PITTSBURGH WARD 31 DIST 7,145,118,15,27,25,. 2,18.62,21.19,13.33
979,PITTSBURGH WARD 32 DIST 1,497,276,142,40,27,13,8.05,9.78,9.15
980,PITTSBURGH WARD 32 DIST 2,650,399,150,51,42,. 9,7.85,10.53,6
981,PITTSBURGH WARD 32 DIST 3,524,350,106,65,62,. 3,12.4,17.71,2.83
982,PITTSBURGH WARD 32 DIST 4,360,244,71,47,43,. 4,13.06,17.62,5.63
983,PITTSBURGH WARD 32 DIST 5,586,382,121,92,78,14,15.7,20.42,11.57
984,PITTSBURGH WARD 32 DIST 6,618,391,155,91,77,14,14.72,19.69,9.03
985,PITTSBURGH WARD 32 DIST 7,542,345,123,105,85,20,19.37,24.64,16.26
986,PITTSBURGH WARD 32 DIST 8,669,411,177,123,103,20,18.39,25.06,11.3
987,PLEASANT HL DIST 1,751,374,268,98,56,42,13.05,14.97,15.67
988,PLEASANT HL DIST 2,553,268,209,79,49,30,14.29,18.28,14.35
989,PLEASANT HL DIST 3,562,273,215,93,57,36,16.55,20.88,16.74
990,PLEASANT HL DIST 4,550,298,173,73,53,20,13.27,17.79,11.56
991,PLEASANT HL DIST 5,746,416,258,133,96,37,17.83,23.08,14.34
992,PLEASANT HL DIST 6,960,442,407,116,78,38,12.08,17.65,9.34
993,PLEASANT HL DIST 7,527,268,191,87,57,30,16.51,21.27,15.71
994,PLEASANT HL DIST 8,526,233,237,66,42,24,12.55,18.03,10.13
995,PLEASANT HL DIST 9,643,294,274,107,70,37,16.64,23.81,13.5
996,PLEASANT HL DIST 10,508,232,212,74,42,32,14.57,18.1,15.09
997,PLUM DIST 1,1794,796,773,286,151,135,15.94,18.97,17.46
998,PLUM DIST 2,599,284,228,94,55,39,15.69,19.37,17.11
999,PLUM DIST 3,976,418,480,194,105,89,19.88,25.12,18.54
1000,PLUM DIST 4,834,403,346,173,86,87,20.74,21.34,25.14
1001,PLUM DIST 5,885,463,312,175,104,71,19.77,22.46,22.76
1002,PLUM DIST 6,1267,574,530,224,108,116,17.68,18.82,21.89
1003,PLUM DIST 7,1266,636,481,214,123,91,16.9,19.34,18.92
1004,PLUM DIST 8,584,273,238,106,60,46,18.15,21.98,19.33
1005,PLUM DIST 9,1107,566,443,234,143,91,21.14,25.27,20.54
1006,PLUM DIST 10,591,240,244,91,54,37,15.4,22.5,15.16
1007,PLUM DIST 11,806,402,303,175,105,70,21.71,26.12,23.1
1008,PLUM DIST 12,1072,524,416,219,125,94,20.43,23.85,22.6
1009,PLUM DIST 13,558,242,246,122,58,64,21.86,23.97,26.02
1010,PLUM DIST 14,750,363,279,103,61,42,13.73,16.8,15.05
1011,PLUM DIST 15,815,383,279,89,52,37,10.92,13.58,13.26
1012,PLUM DIST 16,589,271,254,112,70,42,19.02,25.83,16.54
1013,PLUM DIST 17,718,383,230,137,78,59,19.08,20.37,25.65
1014,PLUM DIST 18,825,397,321,194,107,87,23.52,26.95,27.1
1015,PLUM DIST 19,1939,861,841,350,188,162,18.05,21.84,19.26
1016,PLUM DIST 20,888,432,340,146,71,75,16.44,16.44,22.06
1017,PLUM DIST 21,417,179,184,65,36,29,15.59,20.11,15.76
1018,PORT VUE DIST 1,594,360,165,100,77,23,16.84,21.39,13.94
1019,PORT VUE DIST 2,528,303,160,101,76,25,19.13,25.08,15.63
1020,PORT VUE DIST 3,543,353,146,140,108,32,25.78,30.59,21.92
1021,PORT VUE DIST 4,693,401,212,148,114,34,21.36,28.43,16.04
1022,RANKIN WARD 1,373,313,20,84,81,. 3,22.52,25.88,15
1023,RANKIN WARD 2,434,364,24,91,87,. 4,20.97,23.9,16.67
1024,RANKIN WARD 3,664,555,31,87,86,. 1,13.1,15.5,3.23
1025,RESERVE WARD 1,540,348,117,121,96,25,22.41,27.59,21.37
1026,RESERVE WARD 2,569,326,155,115,80,35,20.21,24.54,22.58
1027,RESERVE WARD 3,530,297,142,72,53,19,13.58,17.85,13.38
1028,RESERVE WARD 4,862,488,258,125,100,25,14.5,20.49,9.69
1029,RICHLAND DIST 1,1088,401,522,102,67,35,9.38,16.71,6.7
1030,RICHLAND DIST 2,1161,437,547,92,53,39,7.92,12.13,7.13
1031,RICHLAND DIST 3,1169,438,568,96,49,47,8.21,11.19,8.27
1032,RICHLAND DIST 4,1150,411,557,136,78,58,11.83,18.98,10.41
1033,RICHLAND DIST 5,1020,332,519,121,63,58,11.86,18.98,11.18
1034,RICHLAND DIST 6,1090,398,560,111,49,62,10.18,12.31,11.07
1035,RICHLAND DIST 7,1125,423,516,114,58,56,10.13,13.71,10.85
1036,RICHLAND DIST 8,911,343,476,168,75,93,18.44,21.87,19.54
1037,ROBINSON DIST 1,1646,777,686,231,140,91,14.03,18.02,13.27
1038,ROBINSON DIST 2,1022,563,350,167,116,51,16.34,20.6,14.57
1039,ROBINSON DIST 3,679,397,209,108,86,22,15.91,21.66,10.53
1040,ROBINSON DIST 4,826,460,251,109,97,12,13.2,21.09,4.78
1041,ROBINSON DIST 5,613,408,161,155,125,30,25.29,30.64,18.63
1042,ROBINSON DIST 6,890,443,289,106,67,39,11.91,15.12,13.49
1043,ROBINSON DIST 7,1384,692,564,233,160,73,16.84,23.12,12.94
1044,ROBINSON DIST 8,1685,808,601,127,92,35,7.54,11.39,5.82
1045,ROBINSON DIST 9,2499,1235,906,359,269,90,14.37,21.78,9.93
1046,ROSS WARD 1 DIST 1,760,347,317,167,103,64,21.97,29.68,20.19
1047,ROSS WARD 1 DIST 2,648,335,224,119,79,40,18.36,23.58,17.86
1048,ROSS WARD 1 DIST 3,505,286,156,78,62,16,15.45,21.68,10.26
1049,ROSS WARD 1 DIST 4,866,399,334,196,129,67,22.63,32.33,20.06
1050,ROSS WARD 2 DIST 1,1213,560,443,158,103,55,13.03,18.39,12.42
1051,ROSS WARD 2 DIST 2,952,436,409,167,88,79,17.54,20.18,19.32
1052,ROSS WARD 2 DIST 3,729,351,278,127,80,47,17.42,22.79,16.91
1053,ROSS WARD 3 DIST 1,673,322,255,126,93,33,18.72,28.88,12.94
1054,ROSS WARD 3 DIST 2,702,325,262,160,102,58,22.79,31.38,22.14
1055,ROSS WARD 3 DIST 3,559,280,183,102,71,31,18.25,25.36,16.94
1056,ROSS WARD 3 DIST 4,713,356,265,125,82,43,17.53,23.03,16.23
1057,ROSS WARD 4 DIST 1,879,420,337,148,93,55,16.84,22.14,16.32
1058,ROSS WARD 4 DIST 2,880,434,324,123,70,53,13.98,16.13,16.36
1059,ROSS WARD 4 DIST 3,717,313,316,143,79,64,19.94,25.24,20.25
1060,ROSS WARD 4 DIST 4,713,312,293,120,78,42,16.83,25,14.33
1061,ROSS WARD 5 DIST 1,610,256,283,131,66,65,21.48,25.78,22.97
1062,ROSS WARD 5 DIST 2,416,207,145,77,55,22,18.51,26.57,15.17
1063,ROSS WARD 5 DIST 3,800,410,309,149,94,55,18.63,22.93,17.8
1064,ROSS WARD 5 DIST 4,761,390,283,144,92,52,18.92,23.59,18.37
1065,ROSS WARD 6 DIST 1,514,306,140,91,69,22,17.7,22.55,15.71
1066,ROSS WARD 6 DIST 2,978,550,279,155,115,40,15.85,20.91,14.34
1067,ROSS WARD 6 DIST 3,684,361,224,111,74,37,16.23,20.5,16.52
1068,ROSS WARD 6 DIST 4,596,353,172,114,93,21,19.13,26.35,12.21
1069,ROSS WARD 7 DIST 1,616,303,222,117,76,41,18.99,25.08,18.47
1070,ROSS WARD 7 DIST 2,557,298,171,88,58,30,15.8,19.46,17.54
1071,ROSS WARD 7 DIST 3,722,437,205,193,141,52,26.73,32.27,25.37
1072,ROSS WARD 7 DIST 4,615,325,190,123,91,32,20,28,16.84
1073,ROSS WARD 8 DIST 1,1645,851,547,207,137,70,12.58,16.1,12.8
1074,ROSS WARD 8 DIST 2,526,275,168,86,57,29,16.35,20.73,17.26
1075,ROSS WARD 8 DIST 3,546,288,174,111,73,38,20.33,25.35,21.84
1076,ROSS WARD 9 DIST 1,807,367,341,148,83,65,18.34,22.62,19.06
1077,ROSS WARD 9 DIST 2,976,461,364,157,90,67,16.09,19.52,18.41
1078,ROSS WARD 9 DIST 3,810,365,346,189,110,79,23.33,30.14,22.83
1079,ROSSLYN FARM,402,169,180,112,74,38,27.86,43.79,21.11
1080,SCOTT WARD 1 DIST 1,583,349,141,108,89,19,18.52,25.5,13.48
1081,SCOTT WARD 1 DIST 2,679,391,168,108,76,32,15.91,19.44,19.05
1082,SCOTT WARD 2 DIST 1,493,284,139,66,53,13,13.39,18.66,9.35
1083,SCOTT WARD 2 DIST 2,660,393,202,111,96,15,16.82,24.43,7.43
1084,SCOTT WARD 3 DIST 1,521,285,170,82,53,29,15.74,18.6,17.06
1085,SCOTT WARD 3 DIST 2,739,398,269,167,110,57,22.6,27.64,21.19
1086,SCOTT WARD 4 DIST 1,776,409,274,119,79,40,15.34,19.32,14.6
1087,SCOTT WARD 4 DIST 2,624,349,178,83,63,20,13.3,18.05,11.24
1088,SCOTT WARD 5 DIST 1,587,352,167,81,58,23,13.8,16.48,13.77
1089,SCOTT WARD 5 DIST 2,752,418,242,133,99,34,17.69,23.68,14.05
1090,SCOTT WARD 6 DIST 1,680,357,196,65,43,22,9.56,12.04,11.22
1091,SCOTT WARD 6 DIST 2,807,448,259,106,76,30,13.14,16.96,11.58
1092,SCOTT WARD 7 DIST 1,913,468,314,161,104,57,17.63,22.22,18.15
1093,SCOTT WARD 7 DIST 2,629,337,208,250,169,81,39.75,50.15,38.94
1094,SCOTT WARD 8 DIST 1,513,274,174,80,56,24,15.59,20.44,13.79
1095,SCOTT WARD 8 DIST 2,1005,453,445,150,91,59,14.93,20.09,13.26
1096,SCOTT WARD 9 DIST 1,299,172,78,30,22,. 8,10.03,12.79,10.26
1097,SCOTT WARD 9 DIST 2,329,188,85,90,73,17,27.36,38.83,20
1098,SEWICKLEY WARD 1,1010,458,377,138,85,53,13.66,18.56,14.06
1099,SEWICKLEY WARD 2 DIST 1,536,206,248,103,63,40,19.22,30.58,16.13
1100,SEWICKLEY WARD 2 DIST 2,633,249,281,142,71,71,22.43,28.51,25.27
1101,SEWICKLEY WARD 3,1084,528,375,139,90,49,12.82,17.05,13.07
1102,SEWICKLEY HTS,784,198,450,144,39,105,18.37,19.7,23.33
1103,SEWICKLEY HILLS,552,202,258,98,57,41,17.75,28.22,15.89
1104,SHALER WARD 1 DIST 1,496,286,154,108,80,28,21.77,27.97,18.18
1105,SHALER WARD 1 DIST 2,513,285,153,80,55,25,15.59,19.3,16.34
1106,SHALER WARD 1 DIST 3,601,316,188,100,72,28,16.64,22.78,14.89
1107,SHALER WARD 1 DIST 4,594,340,172,147,108,39,24.75,31.76,22.67
1108,SHALER WARD 1 DIST 5,653,366,188,133,95,38,20.37,25.96,20.21
1109,SHALER WARD 2 DIST 1,1069,529,399,156,102,54,14.59,19.28,13.53
1110,SHALER WARD 2 DIST 2,770,358,310,106,62,44,13.77,17.32,14.19
1111,SHALER WARD 2 DIST 3,592,336,161,88,62,26,14.86,18.45,16.15
1112,SHALER WARD 2 DIST 4,743,365,264,131,82,49,17.63,22.47,18.56
1113,SHALER WARD 2 DIST 5,362,201,109,53,28,25,14.64,13.93,22.94
1114,SHALER WARD 3 DIST 1,598,290,242,111,70,41,18.56,24.14,16.94
1115,SHALER WARD 3 DIST 2,598,302,224,89,58,31,14.88,19.21,13.84
1116,SHALER WARD 3 DIST 3,589,262,248,81,51,30,13.75,19.47,12.1
1117,SHALER WARD 3 DIST 4,720,372,276,111,72,39,15.42,19.35,14.13
1118,SHALER WARD 3 DIST 5,693,298,320,103,54,49,14.86,18.12,15.31
1119,SHALER WARD 4 DIST 1,848,393,323,129,77,52,15.21,19.59,16.1
1120,SHALER WARD 4 DIST 2,469,228,168,58,39,19,12.37,17.11,11.31
1121,SHALER WARD 4 DIST 3,677,297,287,98,54,44,14.48,18.18,15.33
1122,SHALER WARD 4 DIST 4,649,295,279,95,52,43,14.64,17.63,15.41
1123,SHALER WARD 4 DIST 5,521,269,177,65,35,30,12.48,13.01,16.95
1124,SHALER WARD 5 DIST 1,728,316,321,89,54,35,12.23,17.09,10.9
1125,SHALER WARD 5 DIST 2,695,338,265,141,95,46,20.29,28.11,17.36
1126,SHALER WARD 5 DIST 3,549,266,218,114,70,44,20.77,26.32,20.18
1127,SHALER WARD 5 DIST 4,354,163,148,55,28,27,15.54,17.18,18.24
1128,SHALER WARD 5 DIST 5,767,374,285,127,72,55,16.56,19.25,19.3
1129,SHALER WARD 6 DIST 1,638,324,240,76,56,20,11.91,17.28,8.33
1130,SHALER WARD 6 DIST 2,680,341,242,113,69,44,16.62,20.23,18.18
1131,SHALER WARD 6 DIST 3,560,246,237,63,44,19,11.25,17.89,8.02
1132,SHALER WARD 6 DIST 4,331,191,107,63,43,20,19.03,22.51,18.69
1133,SHALER WARD 6 DIST 5,548,278,218,73,52,21,13.32,18.71,9.63
1134,SHALER WARD 7 DIST 1,616,340,183,126,79,47,20.45,23.24,25.68
1135,SHALER WARD 7 DIST 2,800,416,293,166,85,81,20.75,20.43,27.65
1136,SHALER WARD 7 DIST 3,671,333,238,107,63,44,15.95,18.92,18.49
1137,SHALER WARD 7 DIST 4,1029,552,341,199,131,68,19.34,23.73,19.94
1138,SHARPSBURG DIST 1,599,423,93,104,93,11,17.36,21.99,11.83
1139,SHARPSBURG DIST 2,865,601,129,146,131,15,16.88,21.8,11.63
1140,SHARPSBURG DIST 3,866,538,198,143,119,24,16.51,22.12,12.12
1141,S FAYETTE DIST 1,579,273,226,92,55,37,15.89,20.15,16.37
1142,S FAYETTE DIST 2,1094,462,493,138,82,56,12.61,17.75,11.36
1143,S FAYETTE DIST 3,1644,711,648,209,131,78,12.71,18.42,12.04
1144,S FAYETTE DIST 4,879,412,350,107,65,42,12.17,15.78,12
1145,S FAYETTE DIST 5,898,420,359,125,73,52,13.92,17.38,14.48
1146,S FAYETTE DIST 6,1261,572,510,138,83,55,10.94,14.51,10.78
1147,S FAYETTE DIST 7,643,320,248,99,58,41,15.4,18.13,16.53
1148,S FAYETTE DIST 8,1571,572,765,193,109,84,12.29,19.06,10.98
1149,S FAYETTE DIST 9,649,260,296,52,30,22,8.01,11.54,7.43
1150,S FAYETTE DIST 10,772,372,282,117,73,44,15.16,19.62,15.6
1151,S FAYETTE DIST 11,1000,458,401,130,83,47,13,18.12,11.72
1152,S FAYETTE DIST 12,563,263,211,82,56,26,14.56,21.29,12.32
1153,SOUTH PARK DIST 1,734,325,332,84,52,32,11.44,16,9.64
1154,SOUTH PARK DIST 2,757,380,280,105,80,25,13.87,21.05,8.93
1155,SOUTH PARK DIST 3,621,300,227,82,44,38,13.2,14.67,16.74
1156,SOUTH PARK DIST 4,486,272,153,63,47,16,12.96,17.28,10.46
1157,SOUTH PARK DIST 5,752,406,262,119,86,33,15.82,21.18,12.6
1158,SOUTH PARK DIST 6,869,425,329,120,75,45,13.81,17.65,13.68
1159,SOUTH PARK DIST 7,1126,616,379,190,130,60,16.87,21.1,15.83
1160,SOUTH PARK DIST 8,518,267,184,99,65,34,19.11,24.34,18.48
1161,SOUTH PARK DIST 9,829,384,337,127,72,55,15.32,18.75,16.32
1162,SOUTH PARK DIST 10,866,433,325,128,83,45,14.78,19.17,13.85
1163,SOUTH PARK DIST 11,610,309,217,65,45,20,10.66,14.56,9.22
1164,SOUTH PARK DIST 12,568,288,210,75,53,22,13.2,18.4,10.48
1165,SOUTH PARK DIST 13,1074,465,471,130,72,58,12.1,15.48,12.31
1166,S VERSAILLES,216,93,96,43,23,20,19.91,24.73,20.83
1167,SPRINGDAL BR DIST 1,704,378,217,140,97,43,19.89,25.66,19.82
1168,SPRINGDAL BR DIST 2,606,312,231,112,62,50,18.48,19.87,21.65
1169,SPRINGDAL BR DIST 3,547,311,160,83,62,21,15.17,19.94,13.13
1170,SPRINGDAL BR DIST 4,451,252,148,79,60,19,17.52,23.81,12.84
1171,SPRINGDALE TWP,1195,662,408,304,199,105,25.44,30.06,25.74
1172,STOWE WARD 1,401,292,53,104,97,. 7,25.94,33.22,13.21
1173,STOWE WARD 2 DIST 1,182,126,30,30,25,. 5,16.48,19.84,16.67
1174,STOWE WARD 2 DIST 2,688,511,92,125,105,20,18.17,20.55,21.74
1175,STOWE WARD 3,384,274,61,75,64,11,19.53,23.36,18.03
1176,STOWE WARD 4 DIST 1,368,275,57,84,75,. 9,22.83,27.27,15.79
1177,STOWE WARD 4 DIST 2,381,271,72,124,118,. 6,32.55,43.54,8.33
1178,STOWE WARD 5,478,344,86,89,78,11,18.62,22.67,12.79
1179,STOWE WARD 6,457,339,64,49,42,. 7,10.72,12.39,10.94
1180,STOWE WARD 7,304,239,39,45,37,. 8,14.8,15.48,20.51
1181,STOWE WARD 8,444,315,56,57,50,. 7,12.84,15.87,12.5
1182,STOWE WARD 9,324,252,37,47,45,. 2,14.51,17.86,5.41
1183,SWISSVALE DIST 1,955,740,95,150,142,. 8,15.71,19.19,8.42
1184,SWISSVALE DIST 2,776,596,70,128,125,. 3,16.49,20.97,4.29
1185,SWISSVALE DIST 3,681,526,69,101,94,. 7,14.83,17.87,10.14
1186,SWISSVALE DIST 4,633,419,102,110,100,10,17.38,23.87,9.8
1187,SWISSVALE DIST 5,773,572,97,119,105,14,15.39,18.36,14.43
1188,SWISSVALE DIST 6,428,329,40,66,57,. 9,15.42,17.33,22.5
1189,SWISSVALE DIST 7,675,503,84,185,177,. 8,27.41,35.19,9.52
1190,SWISSVALE DIST 8,747,506,122,157,143,14,21.02,28.26,11.48
1191,SWISSVALE DIST 9,682,541,63,193,183,10,28.3,33.83,15.87
1192,SWISSVALE DIST 10,255,208,15,47,47,. 0,18.43,22.6,. .00
1193,SWISSVALE DIST 11,702,517,95,214,203,11,30.48,39.26,11.58
1194,TARENTUM WARD 1 DIST 1,689,386,172,101,70,31,14.66,18.13,18.02
1195,TARENTUM WARD 1 DIST 2,492,263,148,91,62,29,18.5,23.57,19.59
1196,TARENTUM WARD 2,537,310,139,85,59,26,15.83,19.03,18.71
1197,TARENTUM WARD 3 DIST 1,307,148,95,33,23,10,10.75,15.54,10.53
1198,TARENTUM WARD 3 DIST 2,589,320,180,74,51,23,12.56,15.94,12.78
1199,THORNBURG,440,205,177,93,68,25,21.14,33.17,14.12
1200,PENNSBURY VILL,596,317,187,89,65,24,14.93,20.5,12.83
1201,TRAFFORD,55,30,19,. 6,. 4,. 2,10.91,13.33,10.53
1202,TURTLE CREEK WD 1 DIST 1,860,540,216,109,84,25,12.67,15.56,11.57
1203,TURTLE CREEK WD 1 DIST 2,424,311,60,57,45,12,13.44,14.47,20
1204,TURTLE CREEK WD 2 DIST 1,721,517,104,75,67,. 8,10.4,12.96,7.69
1205,TURTLE CREEK WD 2 DIST 2,328,223,59,28,24,. 4,8.54,10.76,6.78
1206,TURTLE CREEK WD 3 DIST 1,611,439,87,70,61,. 9,11.46,13.9,10.34
1207,TURTLE CREEK WD 3 DIST 2,475,320,110,82,71,11,17.26,22.19,10
1208,UP ST CLAIR WARD 1 DIST 1,718,279,339,163,75,88,22.7,26.88,25.96
1209,UP ST CLAIR WARD 1 DIST 2,845,309,395,168,89,79,19.88,28.8,20
1210,UP ST CLAIR WARD 1 DIST 3,1070,393,523,187,95,92,17.48,24.17,17.59
1211,UP ST CLAIR WARD 1 DIST 4,850,324,398,166,88,78,19.53,27.16,19.6
1212,UP ST CLAIR WARD 2 DIST 1,989,437,395,123,66,57,12.44,15.1,14.43
1213,UP ST CLAIR WARD 2 DIST 2,736,231,389,139,73,66,18.89,31.6,16.97
1214,UP ST CLAIR WARD 2 DIST 3,1064,476,430,162,89,73,15.23,18.7,16.98
1215,UP ST CLAIR WARD 2 DIST 4,563,204,272,123,67,56,21.85,32.84,20.59
1216,UP ST CLAIR WARD 3 DIST 1,1050,436,466,211,115,96,20.1,26.38,20.6
1217,UP ST CLAIR WARD 3 DIST 2,868,358,410,144,62,82,16.59,17.32,20
1218,UP ST CLAIR WARD 3 DIST 3,1192,390,638,238,116,122,19.97,29.74,19.12
1219,UP ST CLAIR WARD 4 DIST 1,989,362,469,179,100,79,18.1,27.62,16.84
1220,UP ST CLAIR WARD 4 DIST 2,782,274,388,123,50,73,15.73,18.25,18.81
1221,UP ST CLAIR WARD 4 DIST 3,624,231,298,106,58,48,16.99,25.11,16.11
1222,UP ST CLAIR WARD 4 DIST 4,1082,304,649,178,67,111,16.45,22.04,17.1
1223,UP ST CLAIR WARD 5 DIST 1,1337,486,637,217,101,116,16.23,20.78,18.21
1224,UP ST CLAIR WARD 5 DIST 2,833,317,418,151,66,85,18.13,20.82,20.33
1225,UP ST CLAIR WARD 5 DIST 3,884,329,396,115,58,57,13.01,17.63,14.39
1226,VERONA DIST 1,510,357,82,112,97,15,21.96,27.17,18.29
1227,VERONA DIST 2,599,375,147,153,119,34,25.54,31.73,23.13
1228,VERONA DIST 3,599,393,134,159,130,29,26.54,33.08,21.64
1229,VERSAILLES DIST 1,557,344,146,92,72,20,16.52,20.93,13.7
1230,VERSAILLES DIST 2,489,313,104,75,64,11,15.34,20.45,10.58
1231,WALL,330,203,70,33,28,. 5,10,13.79,7.14
1232,WEST DEER DIST 1,1395,581,623,158,88,70,11.33,15.15,11.24
1233,WEST DEER DIST 2,606,272,262,76,36,40,12.54,13.24,15.27
1234,WEST DEER DIST 3,834,417,304,95,49,46,11.39,11.75,15.13
1235,WEST DEER DIST 4,788,341,359,86,45,41,10.91,13.2,11.42
1236,WEST DEER DIST 5,851,430,336,114,70,44,13.4,16.28,13.1
1237,WEST DEER DIST 6,772,352,303,121,75,46,15.67,21.31,15.18
1238,WEST DEER DIST 7,1759,711,831,228,121,107,12.96,17.02,12.88
1239,WEST DEER DIST 8,1474,624,656,204,129,75,13.84,20.67,11.43
1240,W ELIZABETH,274,158,81,50,36,14,18.25,22.78,17.28
1241,W HOMESTEAD DIST 1,519,375,67,66,58,. 8,12.72,15.47,11.94
1242,W HOMESTEAD DIST 2,453,304,112,184,148,36,40.62,48.68,32.14
1243,W HOMESTEAD DIST 3,527,343,136,200,163,37,37.95,47.52,27.21
1244,WEST MIFFLIN DIST 1,725,476,149,158,138,20,21.79,28.99,13.42
1245,WEST MIFFLIN DIST 2,489,384,50,114,109,. 5,23.31,28.39,10
1246,WEST MIFFLIN DIST 3,483,333,96,96,81,15,19.88,24.32,15.63
1247,WEST MIFFLIN DIST 4,472,383,16,29,28,. 1,6.14,7.31,6.25
1248,WEST MIFFLIN DIST 5,873,609,193,280,232,48,32.07,38.1,24.87
1249,WEST MIFFLIN DIST 6,324,201,76,79,67,12,24.38,33.33,15.79
1250,WEST MIFFLIN DIST 7,745,508,165,181,156,25,24.3,30.71,15.15
1251,WEST MIFFLIN DIST 8,577,448,77,109,102,. 7,18.89,22.77,9.09
1252,WEST MIFFLIN DIST 9,793,551,166,194,166,28,24.46,30.13,16.87
1253,WEST MIFFLIN DIST 10,525,321,134,110,88,22,20.95,27.41,16.42
1254,WEST MIFFLIN DIST 11,782,461,219,108,78,30,13.81,16.92,13.7
1255,WEST MIFFLIN DIST 12,1010,652,244,159,130,29,15.74,19.94,11.89
1256,WEST MIFFLIN DIST 13,579,381,133,129,108,21,22.28,28.35,15.79
1257,WEST MIFFLIN DIST 14,877,552,248,263,203,60,29.99,36.78,24.19
1258,WEST MIFFLIN DIST 15,594,409,130,128,107,21,21.55,26.16,16.15
1259,WEST MIFFLIN DIST 16,1226,732,357,278,219,59,22.68,29.92,16.53
1260,WEST MIFFLIN DIST 17,574,348,166,123,89,34,21.43,25.57,20.48
1261,WEST MIFFLIN DIST 18,804,527,192,170,144,26,21.14,27.32,13.54
1262,WEST MIFFLIN DIST 19,643,380,198,128,95,33,19.91,25,16.67
1263,WEST MIFFLIN DIST 20,468,329,98,147,120,27,31.41,36.47,27.55
1264,WEST MIFFLIN DIST 21,658,387,185,118,95,23,17.93,24.55,12.43
1265,WEST VIEW DIST 1,699,398,210,129,96,33,18.45,24.12,15.71
1266,WEST VIEW DIST 2,780,425,230,96,74,22,12.31,17.41,9.57
1267,WEST VIEW DIST 3,587,319,192,87,60,27,14.82,18.81,14.06
1268,WEST VIEW DIST 4,597,310,201,77,58,19,12.9,18.71,9.45
1269,WEST VIEW DIST 5,775,469,196,134,95,39,17.29,20.26,19.9
1270,WEST VIEW DIST 6,705,392,204,111,70,41,15.74,17.86,20.1
1271,WEST VIEW DIST 7,644,356,201,135,101,34,20.96,28.37,16.92
1272,WHITAKER DIST 1,439,310,85,97,80,17,22.1,25.81,20
1273,WHITAKER DIST 2,388,282,64,65,60,. 5,16.75,21.28,7.81
1274,WHITEHALL DIST 1,533,290,186,116,82,34,21.76,28.28,18.28
1275,WHITEHALL DIST 2,593,306,205,102,68,34,17.2,22.22,16.59
1276,WHITEHALL DIST 3,677,339,254,159,107,52,23.49,31.56,20.47
1277,WHITEHALL DIST 4,677,342,252,152,98,54,22.45,28.65,21.43
1278,WHITEHALL DIST 5,696,389,222,123,88,35,17.67,22.62,15.77
1279,WHITEHALL DIST 6,1088,693,165,44,37,. 7,4.04,5.34,4.24
1280,WHITEHALL DIST 7,446,265,150,136,95,41,30.49,35.85,27.33
1281,WHITEHALL DIST 8,802,410,306,174,99,75,21.7,24.15,24.51
1282,WHITEHALL DIST 9,548,299,183,106,68,38,19.34,22.74,20.77
1283,WHITEHALL DIST 10,603,322,207,106,69,37,17.58,21.43,17.87
1284,WHITEHALL DIST 11,637,309,244,137,81,56,21.51,26.21,22.95
1285,WHITEHALL DIST 12,557,290,210,124,76,48,22.26,26.21,22.86
1286,WHITEHALL DIST 13,447,262,127,94,71,23,21.03,27.1,18.11
1287,WHITEHALL DIST 14,591,295,234,107,72,35,18.1,24.41,14.96
1288,WHITEHALL DIST 15,1008,539,343,191,127,64,18.95,23.56,18.66
1289,WHITEHALL DIST 16,617,301,247,132,76,56,21.39,25.25,22.67
1290,WHITE OAK DIST 1,753,407,253,126,90,36,16.73,22.11,14.23
1291,WHITE OAK DIST 2,814,418,290,134,83,51,16.46,19.86,17.59
1292,WHITE OAK DIST 3,887,482,310,146,100,46,16.46,20.75,14.84
1293,WHITE OAK DIST 4,741,411,254,159,113,46,21.46,27.49,18.11
1294,WHITE OAK DIST 5,808,452,280,163,111,52,20.17,24.56,18.57
1295,WHITE OAK DIST 6,738,378,283,129,85,44,17.48,22.49,15.55
1296,WHITE OAK DIST 7,1057,557,400,186,107,79,17.6,19.21,19.75
1297,WILKINS WARD 1 DIST 1,793,436,222,95,67,28,11.98,15.37,12.61
1298,WILKINS WARD 1 DIST 2,654,359,222,127,101,26,19.42,28.13,11.71
1299,WILKINS WARD 1 DIST 3,821,482,233,156,123,33,19,25.52,14.16
1300,WILKINS WARD 1 DIST 4,643,373,176,108,90,18,16.8,24.13,10.23
1301,WILKINS WARD 1 DIST 5,487,317,105,92,82,10,18.89,25.87,9.52
1302,WILKINS WARD 2 DIST 1,652,386,187,116,84,32,17.79,21.76,17.11
1303,WILKINS WARD 2 DIST 2,935,608,200,161,132,29,17.22,21.71,14.5
1304,WILKINSBURG WARD 1 DIST 1,1052,916,32,130,130,. 0,12.36,14.19,. .00
1305,WILKINSBURG WARD 1 DIST 2,801,678,26,128,128,. 0,15.98,18.88,. .00
1306,WILKINSBURG WARD 1 DIST 3,522,443,21,69,67,. 2,13.22,15.12,9.52
1307,WILKINSBURG WARD 1 DIST 4,620,490,50,157,145,12,25.32,29.59,24
1308,WILKINSBURG WARD 1 DIST 5,557,403,81,139,131,. 8,24.96,32.51,9.88
1309,WILKINSBURG WARD 1 DIST 6,1045,871,54,134,131,. 3,12.82,15.04,5.56
1310,WILKINSBURG WARD 2 DIST 1,869,654,78,126,120,. 6,14.5,18.35,7.69
1311,WILKINSBURG WARD 2 DIST 2,1008,785,123,236,210,26,23.41,26.75,21.14
1312,WILKINSBURG WARD 2 DIST 3,869,697,51,105,100,. 5,12.08,14.35,9.8
1313,WILKINSBURG WARD 2 DIST 4,569,451,21,51,51,. 0,8.96,11.31,. .00
1314,WILKINSBURG WARD 2 DIST 5,881,715,39,153,151,. 2,17.37,21.12,5.13
1315,WILKINSBURG WARD 3 DIST 1,765,532,99,223,198,25,29.15,37.22,25.25
1316,WILKINSBURG WARD 3 DIST 2,704,521,71,182,170,12,25.85,32.63,16.9
1317,WILKINSBURG WARD 3 DIST 3,876,723,40,133,131,. 2,15.18,18.12,5
1318,WILKINSBURG WARD 3 DIST 4,1096,825,90,203,189,14,18.52,22.91,15.56
1319,WILKINSBURG WARD 3 DIST 5,1126,908,49,153,151,. 2,13.59,16.63,4.08
1320,WILKINSBURG WARD 3 DIST 6,592,486,38,69,66,. 3,11.66,13.58,7.89
1321,WILMERDING DIST 1,526,381,74,47,41,. 6,8.94,10.76,8.11
1322,WILMERDING DIST 2,728,506,113,96,86,10,13.19,17,8.85